"URL","ASIN","Title","Brand","Fulfillment","Category","BSR","Subcategory","Price","Price Trend (90 days) (%)","Parent Level Sales","ASIN Sales","Sales Trend (90 days) (%)","Parent Level Revenue","ASIN Revenue","Review Count","Reviews Rating","Seller","Number of Active Sellers","Last Year Sales","Sales Year Over Year (%)","Size Tier","Length","Width","Height","Weight","Storage Fee (Jan - Sep)","Storage Fee (Oct - Dec)","Best Sales Period","Age (Month)","Number of Images","Variation Count","Sales to Reviews"
"https://amazon.com/dp/B0B2DJ6C3K","B0B2DJ6C3K","C9 Christmas String Lights for Pathway , 26FT LED 20 Clear Lights with 20 Stakes, Waterproof Shatterproof 2700K Warm White Linkable Walkway Lights for Outdoor Indoor Xmas Driveway Yard Garden Decor","VerRon","FBA","Tools & Home Improvement",4279,"String Lights",29.99,292,885,535,,30484.33,18291.52,25,4.1,"VerRon Official",1,0,"N/A","Large Standard-Size",4.92,6.89,10.12,1.53,172.73,476.48,"10/31/2024",30,8,2,35.41
"https://amazon.com/dp/B0B9HQ9ZDS","B0B9HQ9ZDS","Too Faced Shadow Insurance 24-Hour Eye Shadow Primer | Long Lasting + Waterproof, 0.2 fl. oz.","Too Faced","Amazon","Beauty & Personal Care",25762,"Eyeshadow",23.8,-19,1029,1029,162,23779.84,23779.84,264,4.2,"Amazon",1,5927,4,"Large Standard-Size",1.02,1.06,4.29,0.09,"N/A","N/A","08/31/2023",27,5,0,3.9
"https://amazon.com/dp/B0BD956P4K","B0BD956P4K","New Chapter Women’s 50+ Multivitamin Gummies – 66% Less Sugar, Women’s Healthy Aging Gummy Vitamins with Vitamin C, B Vitamins & Zinc, Non-GMO, Gluten Free, Berry Citrus Flavored, 90 ct","New Chapter","Amazon","Health & Household",52886,"Multivitamins",22.47,-13,503,502,13,12093.85,12088.7,140,4.1,"Amazon",2,5616,"N/A","Large Standard-Size",2.72,2.87,5.31,0.49,"N/A","N/A","12/31/2023",27,7,0,3.59
"https://amazon.com/dp/B0B76PZ51N","B0B76PZ51N","20 Packs Men's Steam Eye Mask,Heated Eye Mask for Dry Eyes Dark Circles Puffy Eyes,Disposable SPA Warm Compress,Travel Essentials & Relaxation Gifts for Men|Teacher|Dad|Boyfriend|Family(Unscented)","ZHENYEMEI","FBA","Beauty & Personal Care",45198,"Masks",22.99,13,609,608,,13461.07,13454.86,245,4.2,"ZYEM",1,0,"N/A","Large Standard-Size",2.8,5.59,8.27,0.87,65.17,179.78,"10/31/2024",29,8,0,2.48
"https://amazon.com/dp/B091M4VRGS","B091M4VRGS","Sterno Fire Starter Fluid Gel Green Firestarter for Instant Flame, Concentrated Ethanol Fuel for Camp Fire or Fireplace, All-Weather Ethanol Burner for Indoor & Outdoor, 16 Oz Each, Pack of 3 Bottles","Sterno","FBA","Patio, Lawn & Garden",11901,"Charcoal Starters",20.03,-4,855,716,359,18506.08,13667.34,241,4.2,"Marketplace Valet®",3,0,"N/A","Large Standard-Size",6.46,6.5,9.53,3.55,201.47,555.78,"10/31/2024",44,6,2,3.55
"https://amazon.com/dp/B0B6DTMX3V","B0B6DTMX3V","CHICHIC 20 Inch Prelit Artificial Mini Christmas Tree Snow Flocked Small Tabletop Christmas Tree Decorated with LED Lights, Pine Cones, Berry Clusters, Frosted Branches for Home Holiday Decorations","CHICHIC","FBA","Home & Kitchen",92801,"Trees",17.99,102,415,415,,9430.18,9430.18,73,4.2,"chichic",1,0,"N/A","Large Standard-Size",5.31,5.43,17.63,2.09,255.93,706.02,"10/31/2024",28,7,0,5.69
"https://amazon.com/dp/B0B6HRKXT1","B0B6HRKXT1","80UncleKimby 5.4ft Halloween Decorations Outdoor Props - Scary Hallowmas Back from The Grave Dead Victim Prop for Haunted House Party Decor(Assembly Needed) Red","80UncleKimby","FBA","Patio, Lawn & Garden",64280,"Outdoor Holiday Decorations",27.99,12,442,324,-77,11563.11,9085.63,239,4.2,"Play Novelty",1,5403,"N/A","Large Standard-Size",3.43,7.87,10.04,1.7,136.45,376.42,"09/30/2023",27,8,3,1.85
"https://amazon.com/dp/B0B85N7BD4","B0B85N7BD4","Pacifica Beauty Wanderlust & Moon Moods Perfume Set, Fragrances, Travel Perfume, Island Vanilla, French LIlac, Dream Moon, Blue Moon, Silver Moon, Clean Perfume, Vegan, 0.05 fl oz Each (Set of 10)","Pacifica","Amazon","Beauty & Personal Care",18642,"Women's",24.3,-6,331,330,271,8738.27,8737.34,213,4.2,"Amazon",1,2667,3,"Large Standard-Size",1,5.75,8.75,0.25,"N/A","N/A","11/30/2023",28,12,0,1.55
"https://amazon.com/dp/B0B69DBK8S","B0B69DBK8S","HILIMSE 3000 High Lumens Laser Pointer with Aluminum Body","HILIMSE","FBA","Tools & Home Improvement",37296,"Line Lasers",25,-27,411,411,255,8219.63,8219.63,49,4,"Paw Paradise Shop",1,1241,"N/A","Large Standard-Size",1.81,6.97,7.91,0.55,50.24,138.6,"10/31/2024",28,5,0,8.39
"https://amazon.com/dp/B0B6W2M295","B0B6W2M295","POWERTEC 70347 10 Ft. Dust Collection Hose Kit with 5 Fittings for Woodworking Power Tools Home and Wet/Dry Shop Vacuums","POWERTEC","Amazon","Tools & Home Improvement",32752,"Hoses",22.47,-24,751,750,39,17157.6,17149.96,393,4.1,"Amazon",1,12449,"N/A","Large Standard-Size",3.11,12.52,13.86,1.57,"N/A","N/A","02/29/2024",28,7,0,1.91
"https://amazon.com/dp/B0BBFHSPL7","B0BBFHSPL7","Milk Makeup Pore Eclipse Mattifying Primer - 0.68 fl oz - Face Primer - Smooths Skin, Controls Shine & Minimizes Look of Pores - Up to 8-Hour Wear - Non-Comedogenic - Vegan, Cruelty Free","Milk Makeup","FBA","Beauty & Personal Care",22735,"Foundation Primers",20,74,1231,733,329,31093.6,13644.99,430,4.2,"Quiverr",2,0,"N/A","Large Standard-Size",1.73,2.44,4.53,0.09,9.64,26.59,"10/31/2024",27,8,2,2.86
"https://amazon.com/dp/B0B9G2J21X","B0B9G2J21X","36 Pieces Christmas Buffalo Plaid Hanging Ornaments Christmas Tree Wooden Hanging Decor Wooden Christmas Ornaments Snowflake Reindeer Snowman Plaid Christmas Decor, 12 Styles(Black Red)","BBTO","FBA","Home & Kitchen",49717,"Hanging Ornaments",14.99,91,1188,770,,16994.45,11267.15,139,4.2,"BBTO US",1,2074,13,"Small Standard-Size",0.71,7.91,9.84,0.33,27.79,76.66,"10/31/2024",27,7,3,8.54
"https://amazon.com/dp/B0B74NSK7W","B0B74NSK7W","Bird Bath De Icer, 60w Submergible Utility De Icer, Thermostatic Controlled Winter Water Heater Deicer for Bird, Chicken, Duck, Farm Trough, Design Patent Product","Dreyoo","FBA","Patio, Lawn & Garden",3575,"Birdbath Accessories",26.99,-20,747,746,,13918.36,13911.38,241,4.2,"Dreamyo",1,1686,-9,"Large Standard-Size",2.05,2.13,9.8,0.44,21.54,59.43,"10/31/2023",28,6,0,3.1
"https://amazon.com/dp/B0BFH2SH1K","B0BFH2SH1K","36"" Large Wrestling mat mop Commercial Dust Mops for Floor Cleaning Push mop with Adjustable Handle for Company Hotel Household Cleaning Supplies","Sunki","FBA","Industrial & Scientific",11683,"Dust Mops",31.74,-7,521,383,13,18491.07,14474.14,278,4.1,"SUNKIUS",1,5947,60,"Large Standard-Size",5.39,7.32,17.8,3.55,353.59,975.41,"07/31/2023",26,6,3,1.88
"https://amazon.com/dp/B09WDMQFTV","B09WDMQFTV","Vinda 3-Ply Ultra Care Facial Tissues, 86 Count Each Box, 8 Cube Boxes","Vinda","FBA","Health & Household",50987,"Box Tissues",28.95,3,526,525,-45,15223.27,15223.15,377,3.8,"Vinda Paper",1,10067,-35,"Large Standard-Size",5.87,8.94,17.17,3.37,453.65,1251.45,"06/30/2023",32,6,0,1.39
"https://amazon.com/dp/B0B872CD75","B0B872CD75","W11177741 Dishwasher Gasket Door Seal by Lusperi - Compatible with Whirlpool Maytag Kenmore Dishwashers - Replaces W10300924 W10300924V 4843807 W10660528","Lusperi","FBA","Tools & Home Improvement",28856,"Replacement Parts",22.99,-6,486,485,19,11167.96,11162.97,253,4.2,"K · X appliances",1,5050,29,"Large Standard-Size",1.14,5.71,5.94,0.37,19.47,53.7,"12/31/2023",28,7,0,1.92
"https://amazon.com/dp/B0BCHLC58D","B0BCHLC58D","6 Pcs Christmas Chair Covers Santa Hat Red Slipcovers Chair Back Covers Xmas Chair Covers Decoration for Home Dinner Christmas Banquet Party Festival Decor, 23.6 x 19.6 Inch","Yinder","FBA","Home & Kitchen",82128,"Dining Chair Slipcovers",24.99,5,683,683,,14843.01,14843.01,113,3.7,"Lightcinnabar",1,1187,31,"Large Standard-Size",1.22,10.75,13.39,0.73,88.41,243.9,"10/31/2024",27,7,0,6.05
"https://amazon.com/dp/B0B9XQZ71Y","B0B9XQZ71Y","NiHome 4-Pack Stackable Plastic Kitchen Storage Shelf Foldable Rack - White Kitchen Cabinet Organizer and Storage Shelves Stackable Expandable Storage Racks for Counter Cabinet Pantry","NiHome","FBA","Kitchen & Dining",36187,"Kitchen Storage & Organization Accessories",20.99,-6,543,543,4,11404.42,11404.42,151,4,"Attom Tech",1,4860,618,"Large Standard-Size",4.65,8.66,13.11,1.74,265.8,733.23,"06/30/2024",27,8,0,3.6
"https://amazon.com/dp/B095KWWMHJ","B095KWWMHJ","Organic Cadane 2 Packs Forskolin Supplements Capsules 5000mg & Turmeric, Arjuna, Garcinia Cambogia, Green Tea - Maximum Strength Coleus Forskohlii Extract - Support Energy Production & Immune System","Organic Cadane","FBA","Health & Household",59816,"Fat Burners",19.99,-6,420,419,-8,8395.26,8390.92,371,4.2,"Organic Cadane",1,7022,54,"Large Standard-Size",2.05,3.94,4.13,0.29,16.79,46.33,"03/31/2024",42,7,0,1.13
"https://amazon.com/dp/B0919MYR6L","B0919MYR6L","[ 2 Pack & Timer ] TURNMEON Fall Thanksgiving Decorations Tabletop Fall Tree with 20 LED Battery Operated Eucalyptus Maple Tree Burlap Bowknot Sunflowers Berry Fall Decorations for Home Table Decor","TURNMEON","FBA","Home & Kitchen",870723,"Artificial Trees",19.99,-10,376,375,-41,12873.91,12872.62,243,4.2,"GBD TECH",2,1597,4336,"Large Standard-Size",4.13,6.26,13.78,1.74,179.37,494.81,"10/31/2024",44,7,0,1.55
"https://amazon.com/dp/B09VC4LGFM","B09VC4LGFM","Yellowstone Blanket, 36""x58"" Yellowstone Y Branding Logo Silky Touch Super Soft Throw Blanket","LOGOVISION","FBA","Home & Kitchen",23265,"Throws",26.99,-39,754,429,,25105.14,11650.93,202,4.2,"LogoVision",2,1595,-40,"Large Standard-Size",5.35,7.6,8.62,0.87,176.61,487.2,"11/30/2022",32,7,3,3.73
"https://amazon.com/dp/B09YKJG8HY","B09YKJG8HY","MaryRuth Organics Melatonin 5mg Sleep Gummy with L-Theanine | Lemon Balm | Vitamin B6 | Sugar-Free | Relaxation | Vegan | Non-GMO | Gluten Free | 60 Count","MaryRuth Organics","FBA","Health & Household",34196,"Sleep Supplements",19.95,-18,958,958,38,16912.17,16912.17,344,4.1,"MaryRuth Organics, LLC",2,4509,"N/A","Large Standard-Size",2.44,2.56,5.04,0.42,15.85,43.72,"10/31/2024",31,9,0,2.79
"https://amazon.com/dp/B0B75JXHPP","B0B75JXHPP","Blinc Lash Extension Tubing Mascara, Extreme Lengthening and Defining Mascara with Biotin, Ultra-Longwearing Washable Mascara, Clean, Vegan and Cruelty-Free, 9mL / 0.30 Fl. OZ (Black)","blinc","Amazon","Beauty & Personal Care",37396,"Mascara",26,-6,596,595,-11,15484.51,15484.38,249,3.9,"Amazon",1,7674,51,"Large Standard-Size",1.02,2.48,4.8,0.04,"N/A","N/A","06/30/2024",29,7,0,2.39
"https://amazon.com/dp/B0B518XXPG","B0B518XXPG","Astaxanthin Supplements 24mg, 5 Month Supply - Coconut MCT Oil, Fresh Microalgae Source w/Grape Seed Oil, Ashwagandha - Antioxidants for Healthy Skin, Eyes, Joints, Non-GMO & Gluten Free, 150 Softgels","NEVISS","FBA","Health & Household",42621,"Astaxanthin",34.49,-10,693,692,44,23555.16,23555.03,229,4.2,"Neviss",1,5205,"N/A","Large Standard-Size",2.2,4.02,4.76,0.26,21.23,58.58,"10/31/2024",29,9,2,3.03
"https://amazon.com/dp/B0B6414FR7","B0B6414FR7","Nasitrol Natural Nasal Spray - All-Natural Saline Mist for Congestion and Daily Nose Care - Nasal Spray Essential for Cold and Flu Season - Instant Relief for Adults and Childrens - 25 mL Bottle","Nasitrol","FBA","Health & Household",33822,"Sinus Medicine",19.99,-9,631,507,-7,14706.59,10147.71,83,3.9,"Sumerian Pharma",1,0,"N/A","Large Standard-Size",1.46,1.5,4.96,0.09,5.47,15.09,"08/31/2024",28,6,2,7.6
"https://amazon.com/dp/B09YMYT5SP","B09YMYT5SP","Hume Supernatural Aluminum Free Deodorant for Women & Men - Safe for Sensitive Skin - Probiotic, Plant-Based, Baking Soda Free, Aloe, & Cactus Flower, Anti Sweat, Stain & Odor - Out West, 1-Pack","HUME SUPERNATURAL","FBA","Beauty & Personal Care",29976,"Deodorant",15.99,-8,881,631,8,19116.67,10187.15,437,4.1,"Hume Supernatural",2,0,"N/A","Large Standard-Size",1.61,1.77,4.02,0.31,5.77,15.91,"09/30/2024",31,9,3,2.02
"https://amazon.com/dp/B0B1CVZGJ1","B0B1CVZGJ1","Johnny Slicks Water Based Pomade | Strong Hold, High Shine, Organic Styling for Men | Promotes Healthy Hair Growth & Helps Hydrate Dry Skin (Original, 4 Ounce) US Made, Veteran Owned","Johnny Slicks","FBA","Beauty & Personal Care",25225,"Pomades",33.99,-10,1073,659,19,34306.76,20891.17,203,4.1,"Johnny Slicks",1,8360,108,"Large Standard-Size",2.52,2.68,4.21,0.57,14.32,39.49,"10/31/2024",30,10,2,5.29
"https://amazon.com/dp/B0B4KJVRR8","B0B4KJVRR8","Incense Burner, Incense Holder - Candle or Charcoal Resin Heated for Home Decor Beautiful Adjustable Design for Home Fragrance and Spiritual Gifts, Find Your Balance in a Fantastic Environment","THE JERUSALEM GIFT SHOP SINCE 2004","FBA","Home & Kitchen",101085,"Incense Holders",29.95,-6,405,276,21,12133,8267.22,223,4.1,"The Jerusalem Gift Shop Since 2004",1,0,"N/A","Large Standard-Size",3.5,3.54,5.67,0.57,35.37,97.57,"10/31/2024",29,6,3,1.82
"https://amazon.com/dp/B09TG5RH3R","B09TG5RH3R","UNOVE Heating Guard No-wash Leave In Hair Treatment 147ml/4.97fl.oz | Leave-in Conditioner For Dry Damaged Hair | Heat Protectant & Frizz Control","DR.FORHAIR","FBA","Beauty & Personal Care",44668,"Hair Masks",24,-16,936,936,,22466.17,22466.17,54,4.1,"UNOVE_OFFICIAL",1,1213,144,"Large Standard-Size",2.44,3.23,9.09,0.44,36.07,99.5,"10/31/2024",33,7,0,17.34
"https://amazon.com/dp/B08H6KGPX3","B08H6KGPX3","Health & Her Perimenopause Multi-Nutrient Support, Support for Wellbeing During Pre-Menopause (Early Stage of Menopause) Perimenopause Supplements for Women, Perimenopause Vitamins, Vegan (60 ct.)","Health and Her","FBA","Health & Household",29836,"Menopause Products",27.99,-47,748,747,-13,21398.06,21390.59,315,4,"Health and Her USA",1,4575,-39,"Large Standard-Size",2.24,2.32,4.09,0.37,10.7,29.52,"01/31/2023",26,10,0,2.37
"https://amazon.com/dp/B09NYMYYBD","B09NYMYYBD","Charity Leaf Disposable Palm Leaf 17"" x 12"" Trays (10 pieces) Bamboo Like Serving Platters, Disposable Boards, Eco-Friendly Dinnerware For Weddings, Catering, Events","Charity Leaf","FBA","Health & Household",39562,"Plates",29.9,-6,645,592,49,21413.5,17722.46,167,4.2,"Charity Leaf",1,5555,-10,"Large Standard-Size",2.52,12.28,16.97,2.37,264.42,729.42,"10/31/2023",32,8,3,3.86
"https://amazon.com/dp/B09QQTQ3BK","B09QQTQ3BK","Megababe Daily Deodorant - Rosy Pits | Aluminum-Free, Clear & Clean | 2.6 oz - 2 Pack","Megababe","FBA","Beauty & Personal Care",11438,"Deodorant",27.94,-7,2275,292,-3,35685.63,8160.73,207,4.2,"MEGABABE",1,27517,"N/A","Large Standard-Size",2.01,7.44,8.62,0.66,64.9,179.04,"09/30/2023",34,7,2,10.99
"https://amazon.com/dp/B09NR8H36T","B09NR8H36T","King Mattress Bag for Moving Storage, 5 Mil Heavy Duty Mattress Cover, Thick and Tear Resistant (King)","N/A","FBA","Home & Kitchen",46685,"Mattress Protectors",29.99,-6,1203,266,-35,34611.36,8001.23,340,4,"VacPack Online",1,0,"N/A","Large Standard-Size",2.55,13.14,13.22,3.18,223.02,615.23,"06/30/2024",35,7,3,3.54
"https://amazon.com/dp/B08YVL7MD1","B08YVL7MD1","NUXE Aluminum Free Antiperspirant Deodorant Rêve de Thé. Natural 24-Hour Odor & Sweat Protection for Women, 1.6 Fl Oz","Nuxe","FBA","Beauty & Personal Care",15767,"Deodorant",14.5,-2,1509,1509,-11,21885.56,21885.56,431,4.1,"Nuxe",1,12459,163,"Large Standard-Size",1.57,1.61,3.62,0.18,4.64,12.79,"07/31/2024",33,6,0,3.5
"https://amazon.com/dp/B09WTTGRY7","B09WTTGRY7","NAOMI BP Advanced, Potent Ingredients for Blood Flow and Circulation, Endothelial Function, Supports Cardiovascular and Arterial Health, 1000mg Olive Leaf Extract, 180mcg Vitamin K2 (Small, 60 Count)","NAOMI","FBA","Health & Household",46540,"Olive Leaf",34.99,16,494,450,,20449.87,15754.21,435,4.1,"Outside Meets Inside",1,7393,"N/A","Large Standard-Size",1.73,1.81,4.09,0.15,6.45,17.79,"08/31/2023",32,6,2,1.14
"https://amazon.com/dp/B0B4PGQXZR","B0B4PGQXZR","Christmas Tree Topper with Lights,Gnome Tree Topper Lighted Christmas Tree Topper 24 Inch Gnomes Christmas Tree Decorations, Christmas Home Decor-Red","VAIZIQ","FBA","Home & Kitchen",11625,"Tree Toppers",14.99,36,1660,1282,,27334.1,21278.08,253,4,"Meizihuazhuangpin",1,2685,13,"Large Standard-Size",4.37,5.87,6.3,0.29,81.36,224.45,"10/31/2023",29,6,2,6.56
"https://amazon.com/dp/B0B6SYZSNC","B0B6SYZSNC","Neem Oil Spray Kit for Plants, Makes Five 16 fl oz - 100% Pure Cold Pressed Neem Spray for Indoor and Outdoor Garden Plants | The Green Alcove","The Green Alcove","FBA","Patio, Lawn & Garden",21609,"Fertilizers & Plant Food",18.97,1,525,525,-64,10233.79,10233.79,266,4.2,"The Green Alcove",1,7839,57,"Large Standard-Size",2.99,4.37,8.62,0.29,56.71,156.43,"07/31/2024",28,5,0,1.97
"https://amazon.com/dp/B0B8FWMSPK","B0B8FWMSPK","NeuroGum Calm & Clarity Mints (90 Pieces) - Sugar Free with L-theanine + GABA + Vitamin D3 - Nootropic Brain Supplements for Memory - Enhances Calm, Stress Relief for Men & Women - Honey Lemon","NeuroGum","FBA","Health & Household",47054,"Sleep Supplements",30.99,-17,837,662,575,30105.65,20522.56,111,4,"NeuroGum",2,0,"N/A","Large Standard-Size",1.3,4.13,7.01,0.28,18.95,52.27,"10/31/2024",52,4,2,7.54
"https://amazon.com/dp/B09X258K7G","B09X258K7G","Anabolic Booster & Muscle Builder for Men, Total GAINS Muscle Growth & Estrogen Blocker for Men, Ashwagandha Shilajit for Men, Fadogia Agrestis Tongkat Ali for Men, HGH Supplements for Men, 120 Count","Revolution Science","FBA","Health & Household",53876,"Testosterone Boosters",29.99,-7,492,492,2,14734.33,14734.33,384,4.1,"Revolution Science",1,5161,"N/A","Large Standard-Size",2.52,2.52,5,0.31,15.99,44.1,"04/30/2023",29,10,0,1.28
"https://amazon.com/dp/B09SPFJX79","B09SPFJX79","KARUIZI Makeup Kit All-in-one Makeup Gift Set for Women Full Kit, Eyeshadow Palette, Lip Gloss Set, Lipstick, Blush, Foundation, Concealer, Mascara, Eyebrow Pencil,Include Brush Set(KIT019)","KARUIZI","FBA","Beauty & Personal Care",20818,"Makeup Sets",33.96,-11,753,584,,24576.29,19856.79,264,4.2,"KARUIZI",1,0,"N/A","Large Standard-Size",2.44,6.02,8.23,1.3,60.86,167.9,"05/31/2024",33,8,2,2.85
"https://amazon.com/dp/B09Y1BJZ6F","B09Y1BJZ6F","FM Radio Kit, ICSTATION Soldering Projects Radio with LED Flashing Lights FM 87-108MHz Soldering Practice Kit DIY Radio Kit LCD1602 Display for Learning Teaching STEM Education","IS","FBA","Industrial & Scientific",4990,"Soldering Stations",29.99,-5,425,425,697,12338.18,12338.18,240,3.9,"icstation",1,2388,"N/A","Large Standard-Size",1.57,4.02,7.13,0.66,22.66,62.5,"10/31/2024",31,8,0,1.77
"https://amazon.com/dp/B09QKS7C7S","B09QKS7C7S","Pekky 13 L Food Service Bus Tubs with Lids, 3 Packs Commercial Tote Box, Black","Pekky","FBA","Industrial & Scientific",13295,"Bus Tubs",30.99,-6,331,330,66,10248.37,10244.93,71,4.1,"Pekkyly",1,2146,134,"Large Standard-Size",6.73,12.83,17.76,4.59,772.08,2129.87,"10/31/2024",34,7,0,4.66
"https://amazon.com/dp/B09W7VPQDV","B09W7VPQDV","LAURA GELLER NEW YORK Baked Blurring + Setting Powder, Translucent Makeup Setting Powder For Soft-Focus Finish, Minimize Fine Lines and Pores, Light/Medium","LAURA GELLER NEW YORK","FBA","Beauty & Personal Care",16069,"Powder",30,-28,3087,970,314,62533.17,19897.02,401,4.2,"Laura Geller New York",2,15291,325,"Large Standard-Size",1.61,3.82,5.51,0.15,17.11,47.19,"10/31/2024",32,7,3,7.7
"https://amazon.com/dp/B001ED1KQU","B001ED1KQU","Herbs Etc. Lymphatonic™: 60-Count Softgels","Herbs Etc.","FBA","Health & Household",60142,"Echinacea",30.58,-6,522,522,-4,15970.73,15970.73,339,4.2,"Pattern Products",1,6145,-21,"Large Standard-Size",1.77,1.81,4.09,0.13,6.6,18.2,"02/28/2023",195,4,0,1.54
"https://amazon.com/dp/B09MV7MB8L","B09MV7MB8L","BOUNCE.ME Curling Gel Spray by DESIGNME | Frizz-Free Curl Defining Gel - Refresh Curls, Waves, Coils | Non-Crunchy, Non-Sticky Formula - Climate Control Styling, 7.77Oz","Design.Me","FBA","Beauty & Personal Care",53589,"Gels",29,-6,322,322,-14,9343.43,9343.43,201,4.2,"DesignME",1,3599,61,"Large Standard-Size",1.97,2.28,8.11,0.62,18.34,50.59,"09/30/2024",36,9,0,1.6
"https://amazon.com/dp/B099YL1Z9F","B099YL1Z9F","JOYIN 12 Pcs Christmas Stackable Gift Boxes Set with Lids, Xmas Nesting Box for Gift Wrapping Party Decor, Christmas Decorative Stacking Boxes with 4 Designs (1 Stanta,1 Snowman, 2 Elf Charcter)","JOYIN","FBA","Health & Household",42790,"Gift Boxes",29.99,119,452,452,,12918.23,12918.23,186,3.9,"JoyinDirect",1,694,-35,"Large Standard-Size",2.99,13.27,13.98,5.58,279.27,770.4,"10/31/2023",38,8,0,2.43
"https://amazon.com/dp/B0994M72TL","B0994M72TL","Mercury Cracked Glass Globe Lights Home Decorative Sphere Night Light Battery Operated Ball lamp for Christmas Living Room Wedding Decor Birthday Present Warm White (2)","IdealXmas Glass","FBA","Tools & Home Improvement",30618,"Night Lights",28.99,-27,346,346,,10087.07,10087.07,93,4.2,"acadai",1,528,74,"Large Standard-Size",7,7,12.25,2.65,302.21,833.68,"10/31/2024",40,7,0,3.72
"https://amazon.com/dp/B0999GTXCL","B0999GTXCL","Vlovelife White Christmas Tree Skirt 60 Inches Large, Faux Fur Christmas Tree Skirt Large, Plush Christmas Tree Mat for Christmas Decorations New Year Holiday Decor","Vlovelife","FBA","Home & Kitchen",110606,"Tree Skirts",27.99,8,431,430,,12158.01,12153.6,62,4,"vlovelife",1,409,-28,"Large Standard-Size",4.13,10.08,11.73,2.36,245.86,678.23,"10/31/2023",40,5,0,7.18
"https://amazon.com/dp/B09F17JRHW","B09F17JRHW","Special Supplies Vibrating Ball Pillow Sensory Pressure Activated for Kids and Adults, Plush Minky Soft Cover with Textured Therapy Stimulation Bumps, Blue","Special Supplies","FBA","Health & Household",25438,"Sensory Motor Aids",34.99,8,786,570,222,26734.4,19387.96,248,4.2,"Special Supplies",1,5706,82,"Large Standard-Size",3.58,11.5,13.98,1.63,289.78,799.38,"11/30/2023",39,9,2,3.17
"https://amazon.com/dp/B09B4HNJW3","B09B4HNJW3","Joiedomi C9 Christmas Pathway Lights, 30.75ft 24 Bulbs Outdoor Christmas Decorations Lights Warm White for Holiday Xmas Waterproof Outside Yard Garden, Party, Walkway Decor","Joiedomi","FBA","Tools & Home Improvement",6199,"Path Lights",27.99,109,1445,478,,32134.7,13012.56,359,3.9,"JoyinDirect",1,0,"N/A","Large Standard-Size",4.96,7.01,9.41,1.92,164.73,454.42,"10/31/2024",40,9,3,4.03
"https://amazon.com/dp/B09FQ31X7G","B09FQ31X7G","DearHouse 33Ft Christmas Garland Decorations with 100 LED Light, Green Pine Garland Holiday Decor for Outdoor or Indoor Home Garden Artificial Greenery Garland, or Holiday Party Decoration","DearHouse","FBA","Home & Kitchen",16843,"Garlands",23.99,-25,928,927,,20998.12,20988.73,151,3.4,"dearhouse",1,1433,-35,"Large Standard-Size",5.16,7.68,12.2,1.59,243.41,671.49,"10/31/2023",38,8,0,6.14
"https://amazon.com/dp/B09DL6MLFL","B09DL6MLFL","Hausse 9 FT Pre-lit Christmas Garland, Lighted Artificial Xmas Poinsettia Garlands Decorations Greenery with Ornaments, LED Lights with Timer, Light Up for Indoor Outdoor Home Gate Garden Decor","Hausse","FBA","Home & Kitchen",55785,"Garlands",29.99,-3,533,532,,16650.32,16648.44,217,4.1,"MOUNT VINSON LLC",1,664,-59,"Large Standard-Size",7.4,10.04,17.17,2.98,642.26,1771.75,"10/31/2023",39,7,0,2.45
"https://amazon.com/dp/B09L36VGBX","B09L36VGBX","Embryolisse Radiant Eye Stick. Under Eye Makeup Primer to Refresh and Reduce Dark Circles and Puffiness. Fragrance-Free, 0.15 Oz","Embryolisse","FBA","Beauty & Personal Care",39909,"Creams",25,-15,666,665,-13,16640.41,16640.26,242,4.1,"Embryolisse",1,5837,107,"Large Standard-Size",1.3,1.73,3.7,0.07,4.19,11.56,"09/30/2024",35,6,0,2.75
"https://amazon.com/dp/B09MCS639T","B09MCS639T","BB LAB Collagen Powder S Plus Halal, Low Molecular Korean Collagen Powder Stick Supplement, Marine, Fish Collagen Peptides, Vitamin C, Glycine, Fast Absorption, Grapefruit Flavor","BB LAB","FBA","Health & Household",68726,"Collagen",29,-6,329,328,42,9526.68,9526.54,94,4.1,"Nutrione",1,3277,19,"Large Standard-Size",3.43,3.46,5.47,0.4,32.68,90.16,"07/31/2023",43,9,0,3.49
"https://amazon.com/dp/B09JF2G1T6","B09JF2G1T6","EAMBRITE Christmas Lights Outdoor 82Ft 200LT Christmas Lights with Cheerful Music Infrared Motion Sensor Controller for Indoor Outdoor Christmas Tree Party Patio Garden Decorations (Multi-Color)","EAMBRITE","FBA","Home & Kitchen",18047,"String Lights",19.99,-49,1096,838,,23155.99,17808.23,429,4.2,"EAMBRITE",1,0,"N/A","Large Standard-Size",3.27,5.39,6.73,1.08,59.72,164.75,"10/31/2024",37,6,2,2.56
"https://amazon.com/dp/B0992HVCB3","B0992HVCB3","EARLAP MAXHOLD Cosmetic Ear Corrector - Solves Big Ear Problem - Aesthetic Correctors for Prominent Ears - Protruding Ear Correctors, Short of Surgery Contains 20 corrector","Beauty Tapes","FBA","Beauty & Personal Care",48557,"Personal Care",21.99,-43,434,433,-33,9537.44,9532.94,211,3.7,"The MegaMerchant",2,3759,69,"Large Standard-Size",1.4,3.9,5.3,0.15,14.57,40.19,"08/31/2024",37,7,0,2.06
"https://amazon.com/dp/B08WZT8VS5","B08WZT8VS5","innisfree Cherry Blossom Glow Tone-Up Cream with Niacinamide for Bright, Even Skin Tone, Korean Skincare Gel Moisturizer for Face (Packaging May Vary)","innisfree","Amazon","Beauty & Personal Care",42741,"Face Moisturizers",26,-12,347,346,-4,8345.66,8344.46,234,4,"Amazon",1,2419,101,"Large Standard-Size",2.52,2.68,2.76,0.26,"N/A","N/A","09/30/2024",45,11,0,1.48
"https://amazon.com/dp/B094X37FMZ","B094X37FMZ","FIESTA WRAPS Clear Candy Wrappers for Caramels (600 Pcs 5 x 5 inches) - Natural Clear Cellophane Candy Wrappers - Caramel Wrappers - Candy Wrapping Paper - Chocolate Wrappers - Lollipop Wrappers","FIESTA WRAPS","FBA","Kitchen & Dining",2211,"Candy Making Accessories",19.99,-5,1843,493,,27010.17,9481.2,261,4.1,"AGM Imports",1,7981,"N/A","Small Standard-Size",0.71,5.28,5.63,0.73,10.63,29.31,"11/30/2023",42,9,2,7.06
"https://amazon.com/dp/B096DLNGC9","B096DLNGC9","Dazzle Dry Transform Ridge Filler, 0.5 oz (15 mL)","Dazzle Dry","FBM","Beauty & Personal Care",25331,"Nail Polish",24,-3,730,346,-43,13904.94,8314.86,355,4.2,"Dazzle Dry",2,9827,"N/A","Large Standard-Size",1.3,1.7,3.4,0.15,"N/A","N/A","09/30/2024",42,8,3,2.06
"https://amazon.com/dp/B094BX7KPM","B094BX7KPM","50,000 MG Hemp Extra Strength Healing Salve | Ideal for HIPS, Joints, Neck, Back, Elbows, Fingers, Hands, and Knees. 100% Natural - Proudly Made in USA","MRS. HEMP","FBM","Health & Household",47971,"Pain Relief Rubs",29.99,-21,600,600,63,19175.97,19175.97,366,4,"Remedy Station",2,6436,112,"Large Standard-Size",3.31,3.39,3.5,0.55,"N/A","N/A","01/31/2024",42,7,0,1.64
"https://amazon.com/dp/B08YMDHCX2","B08YMDHCX2","Leviton DOS05-1LZ Motion Sensor Light Switch, Motion Activated, Auto-On/Auto-Off or Manual-On, 5A, No Neutral Wire Required, Single Pole or 3-Way, White/Ivory/Light Almond","Leviton","Amazon","Tools & Home Improvement",22542,"Motion-Activated Switches",23.47,-9,524,524,9,12493.69,12493.69,155,4,"Amazon",3,2676,27,"Large Standard-Size",2.72,3.03,4.61,0.33,"N/A","N/A","10/31/2023",44,12,0,3.38
"https://amazon.com/dp/B09BB7ZNW6","B09BB7ZNW6","Pyunkang Yul [PKY] Black Tea Time Reverse Eye Patch for Anti-Aging, Deep Nourishing with Low-Molecular Collagen, Dark Circles & Fine Line Care with Kombucha, Korean Skincare (30 Pairs)","Pyunkang Yul","FBA","Beauty & Personal Care",35295,"Masks",17.13,11,1111,1110,74,22092.58,22082.75,370,4.2,"Pyunkang Yul",1,11133,57,"Large Standard-Size",1.73,3.19,3.19,0.35,8.86,24.45,"06/30/2024",40,5,0,3
"https://amazon.com/dp/B0983HPPVM","B0983HPPVM","MorTime 24 Day Advent Calendar Decorated with Lighted Reindeer Cabin and Christmas Tree, Wooden Countdown to Christmas Calendar Decoration with 24 Storage Drawers","MorTime","FBA","Home & Kitchen",146877,"Advent Calendars",21.99,66,577,576,,12925.12,12919.19,124,4.2,"Free Destiny LLC",1,720,-12,"Large Standard-Size",4.13,9.09,14.72,1.26,278.71,768.85,"10/31/2024",41,6,0,4.65
"https://amazon.com/dp/B09F5ZHK3Y","B09F5ZHK3Y","3 Pack 24″ × 40″ Reusable Warm Burlap Winter Plant Cover Bags with Drawstring Burlap Plant Covers Freeze Protection Large Plant Frost Cloth Cold Freeze Blanket Protecting Fruit Tree Potted Plants","Svepndic","FBA","Patio, Lawn & Garden",9030,"Plant Covers",19.99,22,807,652,463,19510.73,14419.35,133,4.2,"GIRIBIT",1,0,"N/A","Large Standard-Size",3.74,11.77,12.6,1.7,279.25,770.35,"09/30/2024",37,7,2,6.06
"https://amazon.com/dp/B09HCBV5K3","B09HCBV5K3","YSSOA 5-Tier Stackable Shoe Rack, 15-Pairs Sturdy Shoe Shelf Storage, Black Shoe Tower for Bedroom, Entryway, Hallway, and Closet","YSSOA","Amazon","Home & Kitchen",198154,"Free Standing Shoe Racks",21.99,-18,670,434,,12462.13,8998.21,305,4,"Amazon",2,0,"N/A","Large bulky",2.2,8.3,31.3,3.2,"N/A","N/A","10/31/2024",38,7,3,2.2
"https://amazon.com/dp/B092PBLVHX","B092PBLVHX","XPRS Nutra Gelatin Size 00 Separated Capsules - 1000 Count Gelatin Empty Capsules Separated in Bags - Separated Empty 00 Capsules - Pill Capsules DIY","XPRS Nutra","FBA","Health & Household",44674,"Multivitamins",17.09,-6,487,487,,8326.81,8326.81,345,4.1,"XPRS Nutra",1,1254,"N/A","Large Standard-Size",3.43,8.27,10.59,0.35,151.24,417.22,"11/30/2023",35,6,0,1.41
"https://amazon.com/dp/B097TCPXV1","B097TCPXV1","Skylety Christmas Peppermint Candy Outdoor Decorations 44 Inch Xmas Yard Signs Stake Decors with LED String Lights for Lawn Pathway Walkway Party (2 Sets)","Skylety","FBA","Patio, Lawn & Garden",9828,"Yard Signs",27.99,32,556,555,,15708.89,15703.57,162,3,"ScienYv",1,1067,-6,"Large Standard-Size",2.56,11.73,12.17,1.5,183.99,507.57,"10/31/2024",41,6,0,3.43
"https://amazon.com/dp/B097JS9WYV","B097JS9WYV","Juegoal Christmas Lighted PVC Gift Boxes Decorations, Pre-lit Light Up Christmas Tree Skirt Ornament Indoor Holiday Party Christmas Pathway Present Box Home Yard Art, Set of 3","Juegoal","FBA","Patio, Lawn & Garden",2826,"Lighted Holiday Displays",26.99,-13,1102,1102,,29823.14,29823.14,370,4.2,"YoFit LLC",1,1532,-41,"Large Standard-Size",7.68,7.91,7.99,1.74,244.38,674.14,"10/31/2023",40,7,0,2.98
"https://amazon.com/dp/B09JCMY4MN","B09JCMY4MN","Creative Hobbies Electric Window Candle Lamps with Pewter Plated Base & Dusk-to-Dawn Sensor | Ideal for Home Decor & Special Occasions | 6 Pack","Creative Hobbies","FBA","Home & Kitchen",109994,"Candle Lamps",29.99,-44,384,383,,9584.19,9580.23,242,4.2,"Wholesale Crafts",1,1130,-2,"Large Standard-Size",4,6,10,1.6,120.83,333.33,"11/30/2023",37,8,0,1.58
"https://amazon.com/dp/B098VH74QZ","B098VH74QZ","DevaCurl Heaven in Hair Moisturizing Deep Conditioner, Green Oasis, 8 fl. oz.","DevaCurl","Amazon","Beauty & Personal Care",46694,"Deep Conditioners",34,-14,496,300,70,19616.61,9179.35,112,4.2,"Amazon",1,3994,"N/A","Large Standard-Size",2.13,2.24,8.03,0.55,"N/A","N/A","09/30/2024",38,5,2,4.47
"https://amazon.com/dp/B09CZ3PSQ2","B09CZ3PSQ2","15 Pcs Christmas Outdoor Yard Signs Candy Decorations Outdoor Christmas Decorations Xmas Yard Lollipop Candy Hanging Ornaments Stakes Holiday Garden Sign Cardboard for Party Porch Lawn Walkway Decor","Jetec","FBA","Patio, Lawn & Garden",3605,"Yard Signs",19.99,-26,854,672,,21780.5,14822.16,255,3.7,"Flyerskyhan",1,0,"N/A","Large Standard-Size",2.72,12.24,12.32,2.56,206.51,569.68,"10/31/2024",39,7,2,3.35
"https://amazon.com/dp/B0915BB1KD","B0915BB1KD","Kitsch Moisturizing Gloves Overnight, Cotton Gloves for Dry Hands Treatment, Lotion Gloves for Women & Men, Soft Hydrating & Infused Gel Spa Gloves for Kids, One Size Fit Most Washable & Reusable Pair","Kitsch","FBA","Beauty & Personal Care",9027,"Moisturizing Gloves",17.99,-18,1353,1353,1440,21106.34,21106.34,213,3.8,"Kitsch LLC",1,0,"N/A","Large Standard-Size",1.5,5.91,7.52,0.4,33.56,92.59,"10/31/2024",44,9,0,6.35
"https://amazon.com/dp/B099SZL14X","B099SZL14X","Silent Mammoth Reusable Adjustable Nasal Dilator (Large) Opens Nose to Breathe Easily","Silent Mammoth","FBA","Health & Household",41250,"Snore Reducing Aids",29.98,-6,535,293,34,16043.25,8787.87,350,3.7,"Modern Mammoth",1,4549,24,"Large Standard-Size",1.06,2.17,2.83,0.07,3.28,9.04,"10/31/2024",40,9,2,1.53
"https://amazon.com/dp/B09BHYQ9B9","B09BHYQ9B9","Christmas Rattan Star Treetop,14 Inch Rattan Natural Burlap Star Tree Topper with 20 Warm Lights Rustic Boho Treetop Decoration Xmas Star Treetop for Christmas Tree Ornament Holiday Party Indoor Home","Threan","FBA","Home & Kitchen",120714,"Tree Toppers",28.99,-23,351,350,,8475.84,8472.22,67,3.8,"iTsingnei",1,492,-46,"Large Standard-Size",3.19,10.67,12.68,0.6,217.3,599.43,"10/31/2023",40,6,0,5.23
"https://amazon.com/dp/B0937DRDLF","B0937DRDLF","BLACK+DECKER Battery Operated Under Cabinet Lighting, Motion Sensor On/Off, Warm White LED, Stick-On Install for Kitchen & Closets - 2 Bars","BLACK+DECKER","Amazon","Tools & Home Improvement",7885,"Under-Cabinet Lights",14.8,-15,831,711,429,12135.55,11023.61,371,4,"Amazon",2,4844,176,"Large Standard-Size",2.01,2.44,9.57,0.55,"N/A","N/A","10/31/2024",43,6,2,2.24
"https://amazon.com/dp/B09QXZPTLR","B09QXZPTLR","HERBIVORE Skin In The Clouds 3-step Plumping Hydration Set – Pink Cloud Creamy Jelly Cleanse (50mL / 1.7 oz), Cloud Jelly Serum (10mL / 0.33 oz), Pink Cloud Soft Moisture Cream (15mL / 0.5 oz)","HERBIVORE","FBA","Beauty & Personal Care",31545,"Washes",32,"N/A",411,411,,13139.62,13139.62,129,4.2,"HERBIVORE",1,447,-60,"Large Standard-Size",1.85,3.43,5.59,0.97,17.86,49.27,"10/31/2024",34,4,0,3.18
"https://amazon.com/dp/B09LH9K5C3","B09LH9K5C3","Codeage Liposomal Apigenin Supplement, 3-Month Supply, Daily Flavonoid Chamomile Extract, Liposomal Phospholipid Complex, Non-GMO Sunflower Oil, Phosphatidylcholine Vegan Blend, Gluten-Free, 90 Count","Codeage","FBA","Health & Household",56799,"Chamomile",29.99,-6,410,409,-10,12282.85,12278.62,155,4.2,"Codeage",1,4818,"N/A","Large Standard-Size",2.4,2.4,3.62,0.18,10.5,28.96,"09/30/2024",36,5,1,2.64
"https://amazon.com/dp/B091SLRKZJ","B091SLRKZJ","KEEPOW Parquet Twister Floor Brush SBB 300-3 for Miele Vacuum Cleaner, Vacuum Attachments Replacement for Miele","KEEPOW","FBA","Home & Kitchen",124337,"Brushes",24.99,18,364,364,120,9099.64,9099.64,396,4.2,"MYKEEPOW",1,3167,-4,"Large Standard-Size",3.58,7.4,14.48,0.88,193.13,532.78,"06/30/2023",41,6,0,0.92
"https://amazon.com/dp/B094CJGMRH","B094CJGMRH","JOYIN Christmas Advent Calendar 2024, 12 Days Xmas Countdown Calendar with Mini Dinosaur DIY Action Figures Toys for Boys, Classroom Prizes Xmas Gift, Christmas Party Favor Gifts, Kids Advent Calendar","JOYIN","FBA","Home & Kitchen",39495,"Advent Calendars",16.99,192,925,924,,10432.01,10422.72,60,3.9,"JoyinDirect",1,1000,441,"Large Standard-Size",1.89,12.8,16.34,1.08,199.02,549.02,"10/31/2024",43,6,0,15.41
"https://amazon.com/dp/B09S8J4B93","B09S8J4B93","ThinOptics Find Your Strength Clarity Kit Rectangular Reading Glasses, Black, 44.45 mm + 2.5","ThinOptics","Amazon","Health & Household",54009,"Reading Glasses",29.95,-6,395,395,7,11835.98,11835.98,300,4.2,"Amazon",1,3926,53,"Small Standard-Size",0.35,5.51,8.5,0.15,"N/A","N/A","11/30/2023",33,6,0,1.32
"https://amazon.com/dp/B097QHXP3S","B097QHXP3S","ONREVA Tool Box Foam 3Pack 18x12x1 inch, Foam Inserts for Cases, Polyethylene Tool Foam Sheets, Drawer Liner Foam, Toolbox Kaizen Organizer and Storage Tool Shadow","ONREVA","FBA","Tools & Home Improvement",20464,"Tool Boxes",27.99,-8,416,416,-20,12139.26,12139.26,109,4.2,"AUSHUR Innovations LLC",1,4230,529,"Large bulky",3.31,13.07,19.01,1.23,266.52,666.3,"08/31/2024",33,9,0,3.82
"https://amazon.com/dp/B097GJSJYY","B097GJSJYY","DDHS 24PCS Artificial Mini Christmas Trees, Upgraded 4-Color Bottle Brush Christmas Tree with Wooden Base, Artificial Frosted Sisal Christmas Tree Furniture Desktop Decoration Winter Crafts Ornaments","DDHS","FBA","Home & Kitchen",147606,"Trees",19.99,1,548,548,,12089.37,12089.37,63,4.1,"DDHS",1,673,"N/A","Large Standard-Size",3.7,7.52,10.08,0.73,141.21,389.54,"10/31/2023",41,7,0,8.7
"https://amazon.com/dp/B092HVLWS2","B092HVLWS2","Free Standing Towel Rack, 2 Tier Towel Racks for Bathroom with Storage Shelves, Modern Outdoor Standing Towel Drying Rack for Poolside, Black Blanket Rack Holder, DECLUTTR","DECLUTTR","FBA","Home & Kitchen",121650,"Towel Racks",27.99,-10,461,460,19,12697.99,12693.3,297,4,"Waycho",1,0,"N/A","Large Standard-Size",2.52,13.66,17.01,2.98,294.76,813.13,"07/31/2024",37,6,2,1.55
"https://amazon.com/dp/B09H356YQ8","B09H356YQ8","DearHouse 6Ft Artificial Pine Christmas Garland Winter Greenery Garland for Holiday Season Mantel Fireplace Table Runner Centerpiece Décor (Green)","DearHouse","FBA","Home & Kitchen",51000,"Garlands",17.99,-36,681,428,,15962,9949.3,139,3.9,"dearhouse",1,955,-62,"Large Standard-Size",4.29,7.56,11.38,1.28,185.82,512.61,"10/31/2023",38,8,3,4.9
"https://amazon.com/dp/B09B4HH466","B09B4HH466","Joiedomi C9 Christmas Pathway Lights, 30.75ft 24 Bulbs Outdoor Christmas Decorations Lights Multicolor for Holiday Xmas Waterproof Outside Yard Garden, Party, Walkway Decor","Joiedomi","FBA","Tools & Home Improvement",6199,"Path Lights",22.99,192,1365,468,,30235.18,10927.53,359,3.9,"JoyinDirect",1,0,"N/A","Large Standard-Size",4.8,6.97,9.41,1.87,158.56,437.42,"10/31/2024",40,9,3,3.8
"https://amazon.com/dp/B09KHM43G4","B09KHM43G4","MOXE Daily Aromatherapy Nasal Inhalers Set, All Day Aromatherapy, Therapeutic Grade Essential Oils, Easy & Safe, Leakproof, Portable, Clear Congestion, Improve Energy, Naturally Calming & Relaxing","MOXE","FBA","Health & Household",62047,"Essential Oil Sets",19.99,"N/A",467,467,295,9342.03,9342.03,306,4,"DTH Manufacturing",1,3070,-4,"Large Standard-Size",1.1,3.66,6.18,0.32,12.56,34.65,"11/30/2023",37,7,0,1.53
"https://amazon.com/dp/B0BRMZQBCR","B0BRMZQBCR","Medicube Collagen Glow Bubble Serum - Fast-absorbing bubble-type serum that gives you 24h Glow & Lifted Look - Korean skincare (3.38fl.oz.)","Medicube","FBA","Beauty & Personal Care",33528,"Serums",19.8,-9,1488,1488,1569,28286.55,28286.55,61,4.2,"Medicube & Aprilskin",2,3884,"N/A","Large Standard-Size",1.65,1.65,6.06,0.31,8.31,22.91,"10/31/2024",23,9,0,24.4
"https://amazon.com/dp/B0BSN958YN","B0BSN958YN","Little Venice Spice Rack - Bathroom Organizer | Kitchen Organizer | Medicine Cabinet Organizer | Pantry Storage Rack and Makeup Storage! | Vertical Spice Rack Organizer, White 1 each per pack","Little Venice","FBA","Kitchen & Dining",59721,"Spice Racks",24.99,-1,1296,1296,,29883.84,29883.84,121,3.5,"Little Venice Store",1,4771,"N/A","Large Standard-Size",5.67,10.98,11.26,1.65,352.94,973.62,"10/31/2024",20,6,0,10.71
"https://amazon.com/dp/B0BNPFHBF7","B0BNPFHBF7","BCnmviku 500ML 2 CUP Glass Measuring Cup With Handle, High Borosilicate Glass Three Scales (OZ, Cup, ML/CC for Kitchen or Restaurant Easy To Read","BCnmviku","FBA","Kitchen & Dining",53812,"Cups",14.99,-11,588,587,50,8313.7,8307.72,297,4.2,"BCnmviku",1,8061,"N/A","Large Standard-Size",3.7,5.04,5.87,0.62,55.11,152.03,"01/31/2024",24,7,0,1.99
"https://amazon.com/dp/B0BVDGQQJL","B0BVDGQQJL","Bright Calming Oil by Bright Autism - Essential Kids Oil for Stress Relief - Natural Sleep Aid, Gentle Organic Blend Roll-On 10ml - Great Addition to Your Kids Sleep Routine.","Bright Autism","FBA","Health & Household",42212,"Essential Oil Blends",14.99,-9,769,768,-14,11527.12,11519.26,122,3.9,"Estores123",1,6538,"N/A","Large Standard-Size",0.87,0.94,4.72,0.09,1.94,5.36,"09/30/2024",21,9,0,6.3
"https://amazon.com/dp/B0BV6TBDTT","B0BV6TBDTT","XMK 2560-040 Flow Switch for Sundance Spas, Jacuzzi Hot Tub and Sweetwater Spas, Q-12DS-C2 Replacement Part","XMK","FBA","Patio, Lawn & Garden",18149,"Pool & Spa Replacement Parts",26.99,-6,419,418,80,11296.99,11292.67,86,4.1,"YaZer",1,3455,"N/A","Large Standard-Size",2.05,4.92,5.98,0.42,30.37,83.77,"10/31/2024","-",7,0,4.98
"https://amazon.com/dp/B0BT487XG2","B0BT487XG2","Dr. Killigan's Cedar Planks - Cedar Blocks for Clothes Storage, Alternative to Moth Balls for Closet, Good Cedar Closet Freshener, Best Moth Repellent for Clothes, Harvested in USA (10-Pack)","Dr. Killigan's","FBA","Home & Kitchen",68109,"Moth Protection",19.97,-6,1203,1203,-3,24029.49,24029.49,302,4,"Dr. Killigan's",1,6976,"N/A","Large Standard-Size",2.13,5.35,6.06,1.08,34.77,95.91,"04/30/2023",22,6,0,3.98
"https://amazon.com/dp/B0BNP5FN8F","B0BNP5FN8F","Spencer Gifts Lava® Lamp - 14.5"" Ghost Face - The Original Motion Lamp - Black Wax and Red Liquid with Ghost Face Printed Base Exclusive","Spencer Gifts","FBA","Tools & Home Improvement",13046,"Liquid Motion Lamps",34.99,-6,459,459,6972,16066.12,16066.12,78,4.1,"Spencer  Gifts",1,1342,"N/A","Large Standard-Size",4.13,4.21,16.54,3.09,144.79,399.42,"11/30/2023",24,1,0,5.89
"https://amazon.com/dp/B0BPVKSP8R","B0BPVKSP8R","Horbäach Electrolytes Powder | 16 oz | 130 Servings | Hydration Supplement | Vegetarian | Keto-Friendly | Non-GMO, Gluten Free Formula | Lemon Flavor","Horbäach","FBA","Health & Household",27676,"Electrolyte Replacements",16.99,-6,1057,1056,-51,17957.69,17946.98,364,3.8,"Carlyle",1,15244,"N/A","Large Standard-Size",3.54,3.66,4.29,1.15,27.98,77.2,"05/31/2024",23,8,0,2.9
"https://amazon.com/dp/B0BVWFDBXZ","B0BVWFDBXZ","VALITIC Vitamin C Face Serum for Anti Aging - Hyaluronic Acid, Collagen, Kojic Acid, Turmeric Oil Dark Spot Remover Brightening Serum Eyes and Facial Serum Skin Care 1 fl oz","VALITIC","FBA","Beauty & Personal Care",34855,"Serums",19.99,-13,675,674,,12890.47,12883.57,156,4,"Brand I101",1,1768,"N/A","Large Standard-Size",1.54,1.54,4.25,0.2,5.07,14,"10/31/2024",21,8,0,4.33
"https://amazon.com/dp/B0CF17V5DS","B0CF17V5DS","Christmas Wreath,Pre-Lit Artificial 18 Inch Christmas Wreaths for Front Door with Pine Cones,Berries,Christmas Wreath with Lights,8 Modes 50 LED Lights for Outdoor Indoor Decorations","MR.KIANGCI","FBA","Home & Kitchen",92172,"Wreaths",26.98,-18,1071,1071,,29200.63,29200.63,81,4.2,"MR.KIANGCI",1,1493,"N/A","Large Standard-Size",5.12,13.54,13.74,1.87,479.57,1322.95,"10/31/2024",15,7,0,13.23
"https://amazon.com/dp/B0CDX9XXRT","B0CDX9XXRT","LOLStar Christmas Window Lights, 3 Pack Multicolor Christmas Stocking, Snowman, Santa Hat Lights with Suction Cup, Timer Function and Slow Fade Mode Battery Operated Lights for Christmas Decoration","LOLStar","FBA","Home & Kitchen",21055,"String Lights",21.99,-8,1425,408,,22535.62,8826.51,304,4,"LOLStar",1,0,"N/A","Large Standard-Size",1.46,8.27,10.04,0.66,60.87,167.93,"10/31/2024",15,8,2,4.81
"https://amazon.com/dp/B0CJVCQHMT","B0CJVCQHMT","SciatiFlex Topical Sciatic Cream - Maximum Strength for Sciatic Nerve Discomfort in The Lower Back, Hips, Buttocks, Legs and Feet - Hemp Cream with Arnica Extract, Shea Butter, Aloe Vera - 4oz","SciatiEase","FBA","Beauty & Personal Care",35967,"Creams",29.99,-6,672,671,-38,20148.73,20141.85,198,3.7,"SciatiEase© Labs Official",1,8281,"N/A","Large Standard-Size",2.6,2.68,2.72,0.42,9.54,26.32,"05/31/2024",15,7,0,3.41
"https://amazon.com/dp/B0CCMNSKFS","B0CCMNSKFS","RTSSUT Set of 3 Christmas Decorations Metal Stakes, 27 Inch Metal Snowman, Christmas Tree and Santa Claus Xmas Yard Signs for Outdoor Decorations, Holiday Home Decor for Front Door Lawn Garden Patio","RTSSUT","FBA","Patio, Lawn & Garden",3121,"Decorative Garden Stakes",29.99,-14,1078,656,,32890.9,19800.91,91,4,"Minshopper",1,1629,"N/A","Large Standard-Size",2.01,10.75,15.27,2.25,166.12,458.26,"10/31/2023","-",7,2,11.85
"https://amazon.com/dp/B0CB8F5131","B0CB8F5131","Housolution Christmas Stocking Holder Stand for Floor, Freestanding Stocking Hangers with 8 Hooks,Christmas Indoor Decorations with Artificial Pine Leaves Star Light Santa Claus Flag, Black","Housolution","FBA","Home & Kitchen",204739,"Holders",24.99,57,314,314,,9858.6,9858.6,27,4.2,"Showmore US",1,480,"N/A","Large Standard-Size",2.01,12.01,17.09,2.47,207.71,572.99,"10/31/2023",17,7,0,11.63
"https://amazon.com/dp/B0CJWF5QVB","B0CJWF5QVB","SELESTIA BEAUTY Royal Volume and Curl Mascara Queen Cobra - Enhances Natural Lashes with Dramatic Volume and Length - Smooth Application - Curling Effect (Black)","SELESTIA BEAUTY","FBA","Beauty & Personal Care",30369,"Mascara",15.99,-6,613,613,280,9807.5,9807.5,209,4.1,"SELESTIA BEAUTY",1,5760,"N/A","Large Standard-Size",1.46,1.54,5.31,0.09,6.01,16.58,"06/30/2024",14,8,0,2.96
"https://amazon.com/dp/B0CFY15HH1","B0CFY15HH1","MorTime Christmas Centerpiece with 3 Candle Holders, Xmas Tabletop Decor with Red Berries Pine Cones with Steel Base for Indoor Home Table Christmas Decoration","MorTime","FBA","Home & Kitchen",44308,"Candleholders",25.99,-6,586,585,,14634.39,14628.39,50,4.2,"Free Destiny LLC",1,730,"N/A","Large Standard-Size",4.25,7.52,17.24,1.41,277.41,765.26,"10/31/2024",15,7,0,11.71
"https://amazon.com/dp/B0CFQG5YLX","B0CFQG5YLX","JSE Endoscope Camera with Light, 16.4FT Waterproof Borescope 1920P HD, Semi-Rigid Cable Snake Camera, 8 Adjustable High Brightness LED Lights Inspection Camera for iPhone, Android, iPad","JSE","FBA","Industrial & Scientific",7877,"Borescopes",20.98,-1,583,526,34,12143.4,10957.72,158,4.1,"JSE-Electronic",1,0,"N/A","Large Standard-Size",1.54,4.84,4.88,0.4,18.31,50.52,"06/30/2024",15,7,2,3.69
"https://amazon.com/dp/B0CBRM9DND","B0CBRM9DND","LYUBASA [Timer] 3Pcs Christmas Window Lights Decorations, Battery Powered Christmas Window Hanging White Lighted Snowflake Shaped LED Sucker for Xmas Lamp Tree Fireplace Window Indoor Outdoor Decor","LYUBASA","FBA","Home & Kitchen",32483,"String Lights",24.99,9,670,670,,16712.74,16712.74,111,3.7,"LYUBASA",1,670,"N/A","Large Standard-Size",2.52,7.95,8.19,0.77,82.62,227.91,"10/31/2024",1,9,0,6.04
"https://amazon.com/dp/B0CBQPL28C","B0CBQPL28C","DAE Hibiscus Wave Spray - Enhances Texture, Adds Volume & Hydrates (5 oz)","DAE","FBA","Beauty & Personal Care",20582,"Hair Sprays",30,-6,1286,884,193,32966.95,26546.77,129,4.1,"Dae Hair",1,11996,"N/A","Large Standard-Size",1.73,1.77,5.59,0.4,8.62,23.77,"04/30/2024",16,6,2,9.97
"https://amazon.com/dp/B0CHFWQX4L","B0CHFWQX4L","HUKLIM Christmas Window Decorations,4 Pack Jingle Bell Reindeer Christmas Tree Snowflake Christmas Window Lights with Suction Cup,Battery Operated(exclude) Indoor Lights for New Year Decorations","HUKLIM","FBA","Home & Kitchen",161324,"String Lights",20.99,474,483,482,,8743.22,8738.33,148,3.8,"HUKLIM US",1,940,"N/A","Large Standard-Size",3.23,6.5,9.13,0.95,96.51,266.23,"10/31/2024",14,7,0,3.26
"https://amazon.com/dp/B0CHJV93G4","B0CHJV93G4","Jetec 10 Pcs Christmas Inflatable Balls Decorations 9 Inch PVC Inflatable Balls Winter Snowman Hanging Ornaments for Outdoor Garden Tree Party(Xmas Ball)","Jetec","FBA","Patio, Lawn & Garden",9988,"Inflatable Yard Decorations",24.99,16,897,838,,22115.55,20583.69,112,2.5,"JetecOnline",1,2126,"N/A","Large Standard-Size",2.44,6.46,9.13,0.86,72.46,199.88,"10/31/2023",14,6,2,8.01
"https://amazon.com/dp/B0CB5342VJ","B0CB5342VJ","Teomi Heated Seat Covers for Cars, 2 Fast Heating Models Heated Car Seat Cushion Black","Teomi","FBA","Health & Household",14322,"Heating Pads",32.9,127,820,820,,25968.68,25968.68,99,3.6,"Uwell TECH",1,2250,"N/A","Large Standard-Size",2.48,12.36,14.09,1.34,217.45,599.86,"10/31/2023",1,6,0,8.29
"https://amazon.com/dp/B0CHRLGQ91","B0CHRLGQ91","Glass Pitcher With Lid and Spout, 1.8 Liter 60 oz Glass Pitchers With Handle And Lid, Glass Pitcher Jug For Fridge, Glass Carafe With Lid for Hot/Cold Water Iced Tea Juice Coffee Milk Beverage","WARMSIMPLE","FBA","Kitchen & Dining",15005,"Jugs",19.99,-6,1120,868,,26408.04,17349.94,153,4.2,"WARMSIMPLE-US",1,0,"N/A","Large Standard-Size",4.69,7.52,9.41,1.5,166.9,460.41,"10/31/2024",14,6,2,7.32
"https://amazon.com/dp/B0C2P6S8P5","B0C2P6S8P5","MorTime Christmas Lighted Boxes with Bows, Set of 3 Plush Gift Boxes with Gold Snowflake Pinecone Berry, Present Boxes with 60 LEDs for Christmas Decorations","MorTime","FBA","Patio, Lawn & Garden",7869,"Lighted Holiday Displays",26.99,-12,311,311,,8394.41,8394.41,54,4.2,"Free Destiny LLC",1,983,"N/A","Large Standard-Size",7.64,7.91,7.99,1.85,243.1,670.63,"11/30/2023","-",6,0,5.76
"https://amazon.com/dp/B0CKF6JPJ9","B0CKF6JPJ9","Himalayan Shilajit Capsules for Men (60,000mg+ 50% Fulvic Acid)+BioPerine® for Max Absorption |Natural 30:1 Shilajit with 85+ Trace Minerals for Energy, Performance & Immune Support|Non GMO|120 Pills","Rainbow Nutrients, LLC","FBA","Health & Household",51862,"Trace Minerals",21.47,-23,418,417,-27,8964.57,8960.24,224,3.8,"Rainbow Nutrients, LLC",1,0,"N/A","Large Standard-Size",2.28,2.28,4.49,0.29,11.75,32.42,"02/29/2024",10,9,0,1.86
"https://amazon.com/dp/B0CD6TRCX3","B0CD6TRCX3","Cityhermit Christmas Tree Window Clings Stickers for Glass, Extra Large Golden Xmas Windows Static Stickers, DIY Wall Window Door Mural Showcase Decal Sticker (2 Pack)","Cityhermit","FBA","Home & Kitchen",11894,"Window Stickers",16.99,10,2367,799,989,29177.79,13458.62,236,3.9,"Cityhermit Direct",1,5895,"N/A","Large Standard-Size",1.54,3.43,13.19,0.49,34.92,96.34,"10/31/2024",16,6,2,10.03
"https://amazon.com/dp/B0C7L31V44","B0C7L31V44","Newhale 8 Modes Christmas Curtain String Lights with Snowflake and Star, USB Plug in Wall Lights Christmas Decorations for Indoor or Outdoor, Christmas Window Lights Decor, Warm White","Newhale","FBA","Home & Kitchen",27455,"String Lights",19.99,50,1439,586,,28763.03,11723.87,65,4,"Newhale",1,0,"N/A","Large Standard-Size",3.23,3.78,6.69,0.6,41.12,113.45,"10/31/2024",17,6,3,22.14
"https://amazon.com/dp/B0C816NGFM","B0C816NGFM","Newhale 8 Modes Christmas Curtain String Lights with Snowflake and Star, USB Plug in Wall Lights Christmas Decorations for Indoor or Outdoor, Christmas Window Lights Decor, White","Newhale","FBA","Home & Kitchen",27455,"String Lights",19.99,71,1439,471,,28763.03,9414.86,65,4,"Newhale",1,0,"N/A","Large Standard-Size",3.23,3.62,6.85,0.57,40.33,111.24,"10/31/2024",17,6,3,22.14
"https://amazon.com/dp/B0CLDRMN26","B0CLDRMN26","Sponge n' Go: 20-Pack Mini Travel Dish Soap & Sponges | Biodegradable, Soap-Infused, Single-Use Cellulose Compressed Sponges | Your On-The-Go Cleaning Companion for Trips, Camps, Work","Two Pillars","FBA","Health & Household",50869,"All-Purpose Cleaners",25.99,-12,439,438,-24,11408.29,11403.75,112,4.2,"Two Pillars",1,4795,"N/A","Large Standard-Size",1.97,6.57,8.19,0.13,53.37,147.23,"06/30/2024",13,8,0,3.92
"https://amazon.com/dp/B0CGRMRS7N","B0CGRMRS7N","DELSRROW Christmas 4PCS Shower Curtain Set with Non-Slip Mat,Toilet Lid Cover,and Bath Mat, Polyester Fabric Shower Curtain with 12 Hooks,Durable Bathroom Decor Set 72 * 72INCH","DELSRROW","FBA","Home & Kitchen",35734,"Bathroom Accessory Sets",28.49,-31,1148,417,,36160.49,12735.32,32,3.7,"jerseys-cy",1,1524,"N/A","Large Standard-Size",2.52,9.8,14.96,1.68,186.01,513.13,"10/31/2024",15,8,3,35.89
"https://amazon.com/dp/B0C7MHQ29X","B0C7MHQ29X","WEEYUM Rotating Blow Dryer Brush, Spin Hair Dryer Brush with 2 Interchangeable Brush(1.5""& 2""), 3-in-1 Hot Air Spin Brush Set for Hair Volumizer/Drying/Straightening/Curling","WEEYUM","FBA","Beauty & Personal Care",62656,"Hot-Air Brushes",34.99,-2,344,344,-48,13664.24,13664.24,446,3.8,"SHENGLONG DIRECT",1,6753,"N/A","Large Standard-Size",3.23,5.12,16.42,1.61,136.57,376.76,"06/30/2024",17,7,0,0.77
"https://amazon.com/dp/B0C8ZVPL12","B0C8ZVPL12","Jack Henry Natural Deodorant - Long Lasting Sandalwood & Pink Pepper - Aluminum Free Deodorant w/ 48-Hour Odor Protection - Creamy Shea Butter & Refreshing Citrus Scent - Deodorant for Men & Women","Jack Henry","FBA","Beauty & Personal Care",37277,"Antiperspirant Deodorant",22,-6,575,574,-16,12646.19,12646.04,83,4,"Jack Henry",1,5693,"N/A","Large Standard-Size",2.01,2.09,4.41,0.35,9.33,25.73,"10/31/2024",16,7,0,6.93
"https://amazon.com/dp/B0BZXGGHJ4","B0BZXGGHJ4","Whaline Fall Door Mats Natural Coir Welcome Doormat Pumpkin Non Slip Farmhouse Rectangle Front Door Rugs Floor Mat for Outdoor Entrance Porch Decor, 16 x 28 Inch","Whaline","FBA","Patio, Lawn & Garden",127256,"Outdoor Décor",29.99,-14,528,527,-75,15831.71,15826.31,37,4,"Whale Online US",1,2835,"N/A","Large Standard-Size",4.88,7.2,16.22,3.77,286.93,791.54,"08/31/2024",20,7,0,14.27
"https://amazon.com/dp/B0BZ79NJFL","B0BZ79NJFL","Oeneis Radio Frequency Gel for Use with RF Facial Machine, Conductive Gel for Face Microcurrent, Use for Skin Soothing and Hydrating, 300g Tube (Pack of 2)","Oeneis","FBA","Beauty & Personal Care",51159,"Face Moisturizers",17.98,-11,456,455,73,8195.11,8190.39,99,4.2,"Oeneis Skincare",1,4548,"N/A","Large Standard-Size",2.2,5.98,7.83,1.34,51.86,143.07,"01/31/2024",20,6,2,4.6
"https://amazon.com/dp/B0CBQ29ZKZ","B0CBQ29ZKZ","Artgar Orange Artificial Pumpkins, Harvest Decor Foam Pumpkin 8 PCS Set for Halloween Thanksgiving Fall Decorations, Realistic Faux Pumpkins for Festive Home Decor","Artgar","FBA","Home & Kitchen",335242,"Artificial Vegetables",14.99,-4,1491,817,-29,23660.08,13514.9,79,4.2,"BaoT",1,0,"N/A","Large Standard-Size",6.22,6.3,6.34,0.4,125.08,345.05,"09/30/2024",19,7,3,18.87
"https://amazon.com/dp/B0C9MMK7TB","B0C9MMK7TB","Roamoris Small Pump With Level Sensor 110V Automatic Submersible Water Pump Mini HVAC Condensate Pump For Dehumidifier,Air Conditioner, Ice Maker, Furnace,Air Cooler,Auto Shut Off,PM01","Roamoris","FBA","Tools & Home Improvement",36744,"Power Water Pumps",29.99,-6,294,294,-7,8830.95,8830.95,132,4,"Roamoris",1,3507,"N/A","Large Standard-Size",3.5,4.45,5.83,0.86,45.72,126.11,"06/30/2024",17,6,0,2.23
"https://amazon.com/dp/B0C5MJ15CY","B0C5MJ15CY","CYT PRIME DESIGN Electric Pre Roll Machine, Cones Rolling Machine for King Size,Electric Pre Rolled Cone Filling Machine","CYT PRIME DESIGN","FBA","Health & Household",31078,"Machines",27.89,-6,490,425,,14185.73,11856.77,174,3.7,"Cyt1tone",1,0,"N/A","Large Standard-Size",3.62,4.33,9.45,1.28,74.58,205.73,"09/30/2024",18,6,2,2.82
"https://amazon.com/dp/B0CB8W9WP5","B0CB8W9WP5","Naturium UV Reflect Antioxidant, Broad Spectrum SPF 50 PA ++++ Sheer Sunscreen, Lightweight Face & Skin Protector with Soft Matte Finish, 1.7 oz","Naturium","FBM","Beauty & Personal Care",54910,"Facial Sunscreens",20.5,-15,380,379,-5,8618.29,8615.18,162,4.2,"mjentertainment",3,6177,"N/A","Large Standard-Size",1.18,1.93,4.65,0.18,"N/A","N/A","06/30/2024",17,8,0,2.34
"https://amazon.com/dp/B0D7H8GDRS","B0D7H8GDRS","Wendycare Nasal Pillow Cushion for AirFit P10 （Update Version M Size 2 PACK）","Wendycare","FBA","Health & Household",47578,"CPAP Accessories",19.99,-10,448,447,-5,8946.01,8941.44,49,3.5,"Optimalbo Direct",1,0,"N/A","Large Standard-Size",1.26,4.57,6.57,0.22,19.05,52.54,"10/31/2024",5,7,0,9.52
"https://amazon.com/dp/B0D7RRZR2C","B0D7RRZR2C","Small Pet Select - Chicken Nesting Pads (8-Pack), 13x13, for Hens, Fits Most Nesting Boxes, Chicken Coop Nest Liners","Small Pet Select","Amazon","Patio, Lawn & Garden",14984,"Poultry Habitat Supplies",16.99,-11,541,540,-77,9190.19,9184.63,90,4.2,"Amazon",1,0,"N/A","Large bulky",14.25,14.25,6.25,5.5,"N/A","N/A","07/31/2024",5,7,0,6.01
"https://amazon.com/dp/B0D5RJFNZL","B0D5RJFNZL","Waterless Diffuser for Essential Oil Nebulizer,Battery Operated Mini Scent Air Machine, Aromatherapy Atomizing Diffuser, 3 Mist Modes, Cycle Start for Bedroom, Home, Office 160-400 sq. ft Scent Black","Levoair","FBA","Health & Household",27524,"Diffusers",29.99,-11,773,772,129,23167.77,23159.89,117,4.2,"Only Pure Home",2,0,"N/A","Large Standard-Size",2.56,3.07,5,0.6,19.78,54.58,"10/31/2024",6,7,0,6.6
"https://amazon.com/dp/B0D72W8B9W","B0D72W8B9W","LAWADACH Liquor Decanters Whiskey Decanter Set of 3 Glass Alcohol Bottle for Tequila, Brandy and Vodka Unique Liquor Bar and Party Decorations (28oz*2, 31oz*1)","LAWADACH","FBA","Kitchen & Dining",16927,"Bar Tools & Drinkware",26.99,-6,1092,1091,342,29472.55,29461.5,73,4.2,"Huantai Supply Chain Co., Ltd.",1,0,"N/A","Large Standard-Size",5.28,11.18,13.43,5.47,399.14,1101.08,"10/31/2024",5,6,0,14.96
"https://amazon.com/dp/B0D2DF1J3T","B0D2DF1J3T","LAMU Corner Shower Caddy Tension Pole, Shower Corner Caddy Fits 29-111 Inch Heights, Tension Shower Caddy with Adhesive Clamp, Four-Tier Adjustable Shower Caddy, 4 Hooks, Thick Rustproof Steel, Black","LAMU","FBA","Home & Kitchen",99882,"Shower Caddies",29.99,-47,412,412,-41,14169.31,14169.31,124,4,"Delamu Official",1,0,"N/A","Large Standard-Size",3.46,12.99,17.28,7.39,391.02,1078.69,"06/30/2024",5,9,0,3.33
"https://amazon.com/dp/B0D3828RF5","B0D3828RF5","Janustar Sciatica Pain Relief Devices, Ortho Wrap Hip Brace for Sciatica for Women Men, Thigh Hamstring Compression Sleeve","Janustar","FBA","Health & Household",35528,"Thigh Supports",29.95,-12,331,324,,9912.95,9728.12,86,4.1,"Janustar Fit",1,0,"N/A","Large Standard-Size",1.38,10.51,12.87,0.64,93.98,259.26,"09/30/2024","-",7,3,3.85
"https://amazon.com/dp/B0CZQBGNMZ","B0CZQBGNMZ","Curling Iron，Automatic Curling Iron，Ceramic Material Does not harm Hair, Temperature Display, Ceramic Heat Pipe Length 5.1 inches，Pink Sunse","Mouzakon","FBA","Beauty & Personal Care",39976,"Curling Wands",34.99,-6,272,272,,9528.38,9528.38,20,3.6,"Mouzakon",1,0,"N/A","Large Standard-Size",2.64,5.24,16.97,1.26,118,325.51,"10/31/2024",8,9,0,13.62
"https://amazon.com/dp/B0D418LF41","B0D418LF41","Rats Mouse Deterrent Balls, 24Pcs Peppermint Oil Moth Balls","EverField","FBA","Home & Kitchen",102929,"Moth Protection",20.98,-44,727,423,,16701.07,11498.76,142,3.1,"ThreeHarmonyTrading",1,0,"N/A","Large Standard-Size",4.41,5.2,6.34,1.46,73.2,201.93,"08/31/2024","-",6,0,5.12
"https://amazon.com/dp/B0CYCPG3DM","B0CYCPG3DM","Estroven SlimBiotics, Weight Management Menopause Supplements for Women, 30 Capsules, B Vitamins to Support Metabolic Health, Probiotics for Digestive Health to Provide Gas & Bloating Relief","Estroven","Amazon","Health & Household",32617,"Menopause Products",23.99,-6,826,826,-42,19827.48,19827.48,47,3.9,"Amazon",2,0,"N/A","Large Standard-Size",1.85,3.31,5.35,0.12,"N/A","N/A","08/31/2024",8,8,0,18.37
"https://amazon.com/dp/B0D62MND9J","B0D62MND9J","Kojic Acid And Turmeric Cleansing Pads, 80 Count Turmeric Kojic Acid Cleansing Pads, Turmeric Cleansing Pads for Face","Bieyoc","FBA","Beauty & Personal Care",44878,"Masks",15.99,112,1787,727,,20866.12,11619.79,79,4,"Bieyoc",1,0,"N/A","Large Standard-Size",1.81,6.54,8.62,0.52,51.38,141.73,"09/30/2024",6,7,0,22.62
"https://amazon.com/dp/B0D12TMDVS","B0D12TMDVS","7FT Long Halloween inflatables, Outdoor Ghost cat Pumpkin inflatables Decoration, Halloween Built in LED Decoration, Halloween Party Holiday Indoor and Outdoor Garden Lawn Courtyard Decoration","KAiSnova","FBA","Patio, Lawn & Garden",84665,"Inflatable Yard Decorations",29.87,-38,507,208,391,20532.83,8010.23,25,3.9,"KAiSnova Direct",1,1202,"N/A","Large Standard-Size",6.85,8.15,9.96,2.01,279.95,772.28,"09/30/2024","-",7,3,20.27
"https://amazon.com/dp/B0D3ZWLCRR","B0D3ZWLCRR","Tavkite 3.5OZ Preserved Real Pine Leaves Branches -17'' Natural Christmas Greenery Plants Pine Twigs Stems Pine Needles Evergreen Picks for Garland Wreath Xmas Wedding Home Party Indoor Outdoor Decor","Tavkite","FBA","Home & Kitchen",61907,"Artificial Plants & Greenery",17.99,-7,1041,1041,,17517.78,17517.78,19,3.5,"miidii",1,0,"N/A","Large Standard-Size",1.93,1.97,17.28,0.31,33.08,91.25,"10/31/2024",5,8,0,54.81
"https://amazon.com/dp/B0D6QJVPJS","B0D6QJVPJS","3 PCS Couch Supports for Sagging Cushions High Density 20"" X 20"" Couch Cushion Support for Sagging Seat Trapezoidal Sofa Cushion Support for Sagging Repair Couch Supporter for Under the Cushions","YIYIREA","FBA","Home & Kitchen",127903,"Sofa Parts",32.99,-6,539,539,122,17794,17794,13,4.2,"YIYIREA",1,0,"N/A","Large Standard-Size",6.77,7.76,10.91,2.49,288.57,796.05,"10/31/2024",5,7,0,41.49
"https://amazon.com/dp/B0D4M6DVCW","B0D4M6DVCW","ROSALIND Poly Nail Gel Kit -14 Colors +72 Nail Art Accessories kit Clear Nude Poly Nails Gel Kit Starter Kit with Mini UV Lamp Slip Solution Basic Poly Nail Gel Nail Kit for Beginners with Everything","ROSALIND","FBA","Beauty & Personal Care",18290,"Nail Thickening Solution",26.99,-26,1598,835,,46476.37,18684.76,228,4.1,"Nailwind",1,0,"N/A","Large Standard-Size",3.58,6.26,8.86,1.5,99.97,275.78,"10/31/2024",6,9,0,7.01
"https://amazon.com/dp/B0D3Q82HWL","B0D3Q82HWL","SHOANED Adjustable Non Slip Mattress Gaskets for Metal Bed Frame Box Spring, 6 Pcs Mattress Holder in Place Gripper, Anti-Slip Baffle Mattress Retainer Bar, Keep Mattress from Sliding Gripper, Black","SHOANED","FBA","Home & Kitchen",75691,"Bed Frames",14.89,-16,938,938,34,13474.08,13474.08,130,4.2,"SHOANED",1,0,"N/A","Large Standard-Size",2.32,2.64,3.66,1.32,11.29,31.13,"09/30/2024",6,7,0,7.22
"https://amazon.com/dp/B0D9D2GTY3","B0D9D2GTY3","Edwad Pixie Cut Wig Human Hair Glueless Short Curly Human Hair Wig 4x4 HD Lace Closure Human Hair Pixie Wig for Women Pre Plucked Pre Cut 180% Density Natural Color with Baby Hair","Edwad","FBA","Beauty & Personal Care",89314,"Wigs",29.99,-14,342,341,63,10253.3,10249.75,79,4,"Edwad Hair",1,0,"N/A","Large Standard-Size",2.6,4.33,8.94,0.4,50.67,139.79,"09/30/2024",4,7,0,4.44
"https://amazon.com/dp/B0D83M316S","B0D83M316S","Rolling Knife Sharpener Kit, Kitchen Knife Sharpener Set, Knife Sharpening Tools, 15 & 20 Degree Sharpening for Kitchen Knives, Diamond and Ceramic Discs, Leather Strop, Polishing Compound","BANTBSKT","FBA","Kitchen & Dining",13506,"Knife Sharpeners",29.99,-13,970,970,173,28935.04,28935.04,28,4.2,"BANTBSKT",1,0,"N/A","Large Standard-Size",2.83,5.47,8.39,1.5,65.39,180.39,"10/31/2024",5,6,0,34.65
"https://amazon.com/dp/B0D4D52T6Z","B0D4D52T6Z","22 Inch Fall Wreath - Fall Wreaths for Front Door Used Autumn Thanksgiving Halloween with Home Party Fall Garland Decoration","Ghrdopy","FBA","Home & Kitchen",371286,"Wreaths",22.99,-37,1053,352,-26,26818.05,8238.5,83,4.1,"Ghrdopy",1,0,"N/A","Large Standard-Size",4.09,12.76,12.83,1.3,337.11,929.97,"10/31/2024",4,7,3,12.68
"https://amazon.com/dp/B0DBTPQ71T","B0DBTPQ71T","Morole Bug Zapper for Indoor Outdoor, Rechargeable Mosquito Zapper with LED Light, Portable Electric Fly Traps, Mosquito Killer, Insect Pest Control for Home, Backyard, Patio, Camping, Fishing","Morole","FBA","Patio, Lawn & Garden",52459,"Bug Zappers",29.99,-56,643,642,,16394.7,16388.29,66,3.8,"NEIJIAER INC.",1,0,"N/A","Large Standard-Size",5.39,5.39,9.02,1.21,131.93,363.96,"07/31/2024","-",6,0,9.74
"https://amazon.com/dp/B0D6VZ9JZQ","B0D6VZ9JZQ","AIRIVO Alarm Clock Night Lights, Rechargeable Alarm Clock for Bedrooms, 6 Scenes & White Noise Sync, Dual Alarms & Snooze, for Heavy Sleepers, Gifts for Kids Teens (Pink)","AIRIVO","FBA","Home & Kitchen",8708,"Alarm Clocks",29.99,-2,2170,604,736,55330.72,14129.8,428,4,"AIRIVO SHOP",1,0,"N/A","Large Standard-Size",2.64,5.39,5.91,0.82,42.34,116.8,"10/31/2024",5,7,3,5.07
"https://amazon.com/dp/B0DBRBVF6J","B0DBRBVF6J","Christmas Thief Wreath for Front Door Mantel Green Elf Legs Christmas Wreath Home Decoration Indoor Outdoor (Green, 18.4x12inch / 46x30cm)","MonyPlay","FBM","Home & Kitchen",60752,"Wreaths",19.9,24,652,651,,12969.28,12962.65,24,2,"GOOD BETTER BEST",1,0,"N/A","Small Standard-Size",0,0,0,0,"N/A","N/A","10/31/2024",4,9,1,28.34
"https://amazon.com/dp/B0DCJFGLV3","B0DCJFGLV3","Macorner Acrylic Window Hanging Suncatcher Butterfly Window, Birthday for Women, Sometimes You Forget Your Awesome Thank You Gifts for Her, Mom, Friend, Grandma, Wife Home Decoration","Macorner","FBA","Patio, Lawn & Garden",1909,"Suncatchers",15.95,-9,702,496,925,13882.66,9992.4,10,3.9,"Macorner LLC",1,0,"N/A","Large Standard-Size",1.3,7.2,8.78,0.93,41.38,114.14,"10/31/2024",4,7,2,70.23
"https://amazon.com/dp/B0D8TYFSQB","B0D8TYFSQB","[Timer] 2Packs Halloween Decorations Outdoor, Cute Halloween Decorations Indoor, Spooky Ghost Halloween Decor with Witch Hat, Scary Ghosts Decor with LED Lights for Front Porche Yard Garden Home","CYSKXYI","FBA","Patio, Lawn & Garden",92819,"Lighted Holiday Displays",29.99,-29,856,855,,29795.14,29790.84,221,3.8,"A Ba",1,0,"N/A","Large Standard-Size",7.6,9.33,13.98,4.39,499.09,1376.8,"09/30/2024","-",9,0,4.24
"https://amazon.com/dp/B0D8W7RG3C","B0D8W7RG3C","Upgrade Smart Wall Space Heater,450WProgrammable Portable Electric Small Safe Heater,Adjustable Thermostat/Timer,Overheat Protection,LED Display,Energy-saving heater for Bathroom Indoor Use (White)","LYNBKLS","FBA","Home & Kitchen",13777,"Electric Space Heaters",23,7,1355,613,201,27227.92,12402.55,67,3.4,"LYNBKLS- USA",1,0,"N/A","Large Standard-Size",4.92,5.28,8.07,1.06,105.55,291.17,"10/31/2024",4,7,2,20.22
"https://amazon.com/dp/B0D7LW5VGL","B0D7LW5VGL","6 Ft Christmas Norfolk Pine Garland- Dense Norfolk Pine Realistic Touch Garland- Artificial Pine Greenery Garlands for Christmas Holiday Mantle Fireplace Table Home Decor","PURPLE STAR 1N","FBA","Home & Kitchen",54053,"Garlands",27.99,3,1643,536,,76349.68,16075.53,28,4,"Purple Star US Store",1,0,"N/A","Large bulky",2.64,15,15.91,1.28,203.95,509.88,"10/31/2024",5,7,2,58.67
"https://amazon.com/dp/B0D81J7GLX","B0D81J7GLX","LEERCON Massage Gun Deep Tissue, Portable Massage Gun with 8 Interchangeable Heads for Deep Muscle Relief and Relaxation","LEERCON","FBA","Health & Household",49456,"Health Care",29.99,-21,342,342,44,10270.74,10270.74,21,3.7,"Leercon",1,0,"N/A","Large Standard-Size",2.64,7.17,8.9,1.48,84.67,233.57,"09/30/2024",5,6,0,16.31
"https://amazon.com/dp/B0CXPG3S6J","B0CXPG3S6J","AUTOUTLET 192kHz DAC Optical to 3.5mm Converter with Volume Control, Digital to Analog Audio Converter, Optical to Aux Adapter Built-in Amplifier Chip Suitable for HDTVs, DVD, Set-top Boxes","AUTOUTLET","FBA","Industrial & Scientific",4936,"Signal Converters",15.99,-2,892,892,-5,14643.55,14643.55,261,4,"AUTOUTLET",1,0,"N/A","Small Standard-Size",0.71,4.8,7.52,0.26,12.89,35.55,"09/30/2024",8,7,0,3.42
"https://amazon.com/dp/B0CRK7TRQF","B0CRK7TRQF","Measuring cups and spoons Set, 5 Stainless Steel Magnetic Measuring Cup and 8 Magnetic Double Sided Measuring Spoons with 1 Leveler，Kitchen Gadgets for Cooking & Baking","JIEJIE","FBA","Kitchen & Dining",14810,"Cups",20.99,-6,738,737,426,15486.28,15478.74,30,4.2,"JIEJIE-US",1,0,"N/A","Large Standard-Size",3.5,3.58,7.2,1.41,45.42,125.3,"10/31/2024",11,8,0,24.59
"https://amazon.com/dp/B0CW9LF4JH","B0CW9LF4JH","ALIDDLE Vacuum attachments for Dyson V7 V8 V10 V11 V15,Hardwood floor attachment and blanket attachment for Dyson cordless stick vacuum cleaners Replacement Brushes for Vacuum Cleaners","Aliddle","FBA","Home & Kitchen",208761,"Attachments",30.99,-9,359,358,-4,11823.02,11822.85,38,4.2,"Star Way Filter",1,0,"N/A","Large Standard-Size",3.19,11.38,12.13,2.45,221.7,611.59,"09/30/2024",9,6,0,11.21
"https://amazon.com/dp/B0CPV3DRBP","B0CPV3DRBP","AMPM Nootropic Total Focus + Calm 9X Strength w. Caffeine, L-Theanine, Alpha GPC, L-Tyrosine, Ashwagandha - X-Release Energy Pills Nootropics Brain Support Supplements for Memory and Focus Supplement","TERRA ELMNT","FBA","Health & Household",38863,"Blended Vitamin & Mineral Supplements",25.95,-6,908,907,-44,23562.01,23561.89,315,3.8,"ELMNT Health",1,0,"N/A","Large Standard-Size",2.64,2.68,3.62,0.31,12.9,35.57,"05/31/2024",7,8,0,2.88
"https://amazon.com/dp/B0D36X6S6V","B0D36X6S6V","Dr. Squatch Ball Barrier Dry Lotion, No Mess Body Powder Lotion for Men, Made With Natural Ingredients - 2-Pack Rainforest Rapids","Dr. Squatch","FBA","Beauty & Personal Care",37472,"Lotions",32.95,-6,535,535,122,17631.8,17631.8,33,4.1,"Dr. Squatch",1,0,"N/A","Large Standard-Size",2.01,3.07,6.81,0.6,21.16,58.36,"10/31/2024",7,6,0,16.21
"https://amazon.com/dp/B0D198NLKS","B0D198NLKS","Disposable Foil Pans with Lids (Set of 20) Heavy Duty Aluminum Pans with Lids 9x13 (x10), 8x8 (x10) Baking Tins with Covers for Cooking, Heating, Storing, Food Prep, Holiday Dinner Meals","Stock Your Home","FBA","Kitchen & Dining",26362,"Disposable Cookware",21.99,-2,459,458,48,9476.05,9471.98,52,4,"StockYourHome",1,0,"N/A","Large Standard-Size",4.02,10.79,13.11,1.57,286.3,789.8,"10/31/2024",7,7,0,9.36
"https://amazon.com/dp/B0D31NF9D4","B0D31NF9D4","AUJ 2PCS Mould Cleaner Spray, Mould Cleaner Foam Spray, Powerful Multi-purpose Foam Cleaner, Spray Cleaner For Household Kitchen, Bathroom, Wall, Ceiling Cleaner","AUJ","FBA","Health & Household",42826,"All-Purpose Cleaners",16.99,107,583,583,46,12067.78,12067.78,97,1.9,"QuanshengLLC",1,0,"N/A","Large Standard-Size",2.44,4.37,5.31,0.49,28.54,78.74,"09/30/2024",7,7,0,6.01
"https://amazon.com/dp/B0CT2XPL9T","B0CT2XPL9T","Lilymicky [1000 Count - 1 oz Disposable Medicine Cups, 1 oz Plastic Med Cups, Plastic Measuring Cups For Mixed Pills, Medication Measuring, Resin Mixing","Lilymicky","FBA","Health & Household",44024,"Cups",22.99,-3,646,646,-17,14854.81,14854.81,63,4.2,"Lilymicky",1,0,"N/A","Large Standard-Size",4.06,9.09,10.04,2.56,186.55,514.63,"10/31/2024",10,7,0,10.26
"https://amazon.com/dp/B0D3M9NN77","B0D3M9NN77","Wire Stripper Machine for Power Drill, Copper Wire Stripper for Leftover Cable, 0.04""-1"" Wire Stripping Machine, Wire Stripping Tool for 1-25mm Scrap Wire","Yogers","FBA","Tools & Home Improvement",71863,"Wire Strippers",33.99,-5,244,243,-23,8289.9,8289.8,20,3,"SAMLOO LIMITED",2,0,"N/A","Large Standard-Size",3.15,6.42,10.04,3.22,102.22,282,"08/31/2024",6,6,0,12.19
"https://amazon.com/dp/B0D2Y1VM4G","B0D2Y1VM4G","Drill Bit Sharpener, Drill Bit Sharpener for All Bits(5/64''- 5/8''), Multipurpose Drill Bits Grinding Sharpener, Portable Drill Grinder Grinding Tool, Powered by Electric Drills","BUXUNA","FBA","Tools & Home Improvement",17235,"Drill Bit Sharpeners",18.99,-31,660,660,45,12622.16,12622.16,40,3.7,"BUXUNA TOOL",1,0,"N/A","Large Standard-Size",2.72,4.69,5.12,0.42,32.88,90.72,"09/30/2024",6,9,0,16.5
"https://amazon.com/dp/B0D36177TC","B0D36177TC","Garden of Life Vegan Protein Powder - Snickerdoodle Cookie - 20g Plant Protein, BCAAs, Probiotics & Digestive Enzymes - Gluten-Free, Non-GMO","Garden of Life","Amazon","Health & Household",71897,"Blends",23.99,-6,346,345,-67,8297.77,8294.15,31,4,"Amazon",1,0,"N/A","Large Standard-Size",4.69,4.72,8.15,1.43,"N/A","N/A","08/31/2024",7,4,0,11.16
"https://amazon.com/dp/B0D12JK9LV","B0D12JK9LV","Lighted Makeup Mirror with 30X Magnification, 30X Magnifying Mirror Suction Cup with Light, 3 Color Modes and Adjustable Brightness, 360°Swivel Magnifying Mirror with Light for Vanity Mirror 1500mAh","B Beauty Planet","FBA","Beauty & Personal Care",14954,"Makeup Mirrors",28.99,-10,1846,482,23,47832.95,13430.62,260,4.2,"Guang Yuan Factory",1,0,"N/A","Large Standard-Size",3.15,7.2,8.39,1.01,95.8,264.29,"10/31/2024",6,7,2,7.1
"https://amazon.com/dp/B0CZKNSDQC","B0CZKNSDQC","7Color Fire Essential Oil Diffuser with Remote,Flame Diffusers for Home Large Room，Flame Humidifier for Bedroom 10.7""×3""×3.1""","EGCUQ","FBA","Health & Household",39726,"Diffusers",19.6,-6,662,662,188,12984.19,12984.19,95,3.9,"EGCUQ",1,0,"N/A","Large Standard-Size",3.19,3.31,10.79,1.04,57.36,158.24,"10/31/2024",8,7,0,6.97
"https://amazon.com/dp/B0D2LWJQBW","B0D2LWJQBW","Mentor Colostrum Powder Supplement for Humans - Organic Bovine Colostrum Supplement for Gut Health, Hair Growth, Beauty, and Immune Support - Colostrum Protein","Mentor","FBA","Health & Household",57039,"Blended Vitamin & Mineral Supplements",29.87,5,518,517,-63,17110.06,17107.37,183,4.1,"Mentor Nutrition",1,0,"N/A","Large Standard-Size",2.64,3.58,3.66,0.31,17.42,48.04,"06/30/2024",6,8,0,2.83
"https://amazon.com/dp/B0D4FC16R7","B0D4FC16R7","REVLON Easy Heat - 1 1/4"" Precision Curling Iron","REVLON","Amazon","Beauty & Personal Care",17656,"Curling Tongs",24.17,-33,1539,472,426,32993.71,10800.54,82,3.9,"Amazon",2,0,"N/A","Large Standard-Size",2.4,4.72,17.52,1.06,"N/A","N/A","10/31/2024",6,8,2,18.77
"https://amazon.com/dp/B0CZYLZK7Q","B0CZYLZK7Q","Goldwell StyleSign Root Boost Spray","Goldwell","Amazon","Beauty & Personal Care",54240,"Hair Sprays",24.99,-19,366,366,9,8866.03,8866.03,23,4.2,"Amazon",1,0,"N/A","Large Standard-Size",2.01,2.05,6.65,0.49,"N/A","N/A","09/30/2024",8,4,0,16.64
"https://amazon.com/dp/B0C2PSKF9M","B0C2PSKF9M","FUN LITTLE TOYS Felt Christmas Tree for Kids Toddler Baby Gifts Wall Decorations Indoor, 43PCS DIY Christmas Wall Hanging Decal Ornaments 3D Montessori Xmas Tree Set with Lights","FUN LITTLE TOYS","FBA","Home & Kitchen",99127,"Hanging Ornaments",19.99,"N/A",932,931,,18614.29,18604.87,34,3.7,"Fun Little Toys",1,979,"N/A","Large Standard-Size",3.46,8.15,9.96,0.6,141.41,390.09,"10/31/2024",19,6,0,27.4
"https://amazon.com/dp/B0D8FJVMPY","B0D8FJVMPY","SeasonBliss Shower Steamers 18 Pack Set, Shower Bombs with 6 Charming Scents, Shower Tablets with Natural Ingredients,Self-Care & Relaxation Presents for Women and Men","SeasonBliss","FBA","Beauty & Personal Care",20049,"Bath Bombs",19.99,-6,1052,1051,,21020.42,21009.77,49,4.2,"SeasonBliss",1,0,"N/A","Large Standard-Size",1.89,6.14,8.94,1.48,52.22,144.06,"10/31/2024",3,7,0,21.46
"https://amazon.com/dp/B0DDTHTQC6","B0DDTHTQC6","Dehumidifier, MORFY 52OZ Small Dehumidifier for Bedroom Bathroom RV with Auto Shut Off, Portable Quiet Dehumidifiers for Room Home Closet Laundry Room","MORFY","FBA","Home & Kitchen",547026,"Dehumidifiers",34.99,-25,1314,422,,46187.05,14777.75,27,4.1,"MUFEI-US ONLINE",2,0,"N/A","Large Standard-Size",6.81,6.85,12.44,4.14,292.17,805.98,"09/30/2024",3,8,0,48.65
"https://amazon.com/dp/B0D9PLN9F2","B0D9PLN9F2","Numo Deep Sleep Gummies - Natural Sleep Aid with Magnesium, L-Theanine, Apigenin (Chamomile Extract), Taurine, VIT B6, Kombucha Culture - Non-Melatonin, Organic Ingredients - 60 Count","Numo","FBA","Health & Household",74986,"Sleep Supplements",32.99,15,265,265,-45,8679.04,8679.04,71,3.6,"Numo Nutrition",1,0,"N/A","Large Standard-Size",3.58,3.74,4.25,0.71,28.65,79.03,"09/30/2024",4,7,0,3.73
"https://amazon.com/dp/B0D7CDCNLG","B0D7CDCNLG","Huacenmy Solar Christmas Pathway Lights Outdoor, 20 LED C9 Christmas Lights with 20 Stakes, 23FT Solar Christmas Decorations Strawberry String Lights for Roof Yard Patio Walkway Driveway, Warm White","Huacenmy","FBA","Tools & Home Improvement",2046,"Path Lights",15.99,61,1231,376,9257,28214.56,8958.6,67,3.8,"Huacenmy",1,0,"N/A","Large Standard-Size",4.53,5.47,7.13,1.32,88.95,245.38,"10/31/2024",5,8,2,18.37
"https://amazon.com/dp/B0D7Q2KK4Z","B0D7Q2KK4Z","5PacK Halloween Zombie Hands Pathway Lights, Battery Operated Waterproof Arms Stake Lights for Halloween Decorations Outdoor Garden Yard Pathway Decor - Hands","Funck","FBA","Patio, Lawn & Garden",169101,"Lighted Holiday Displays",25.99,19,517,517,,13440.67,13440.67,36,3.9,"FunckStore",1,0,"N/A","Large Standard-Size",7.28,7.68,9.13,1.79,257,708.97,"09/30/2024","-",7,0,15.21
"https://amazon.com/dp/B0CZ13QZZ6","B0CZ13QZZ6","JoySpring Libido Booster for Women - Horny Goat Weed - Ashwagandha Liquid Drops with Maca Root - Female Libido Drops - Blend of Ashwagandha Maca & Fenugreek - Red Ginseng Supports Energy","JoySpring","FBA","Health & Household",46755,"Blended Vitamin & Mineral Supplements",29.99,-7,655,654,79,19638.71,19632.01,10,3.9,"JoySpring",1,0,"N/A","Large Standard-Size",1.73,2.56,5.55,0.33,12.39,34.18,"10/31/2024",8,9,0,65.48
"https://amazon.com/dp/B0D8T7BXQ2","B0D8T7BXQ2","2 Pack Automatic Small Bathroom Trash Can with Lid - 2.5 Gallon Touchless Electric Garbage Can, Motion Sensor Smart Trash Bin, Slim Plastic Trashcan, Waterproof Wastebasket for Bedroom Office (White)","Kssvzz","FBA","Home & Kitchen",88344,"Paper Bins",32.99,-5,900,686,-10,33144.92,25082.24,58,4,"Kssvzz US",1,0,"N/A","Large Standard-Size",7.52,8.31,14.17,3.35,445.82,1229.86,"10/31/2024",3,7,2,15.51
"https://amazon.com/dp/B0D1VK5R7S","B0D1VK5R7S","Yacoto 16 oz 90 Pack Disposable Coffee Cups with Lids and Straws, Insulate Ripple Wall To Go Coffee Cups Hot Coffee Tea Beverage Chocolate Paper Cups for Home Office Cafe(Black & Blue)","Yacoto","FBA","Health & Household",29282,"Cups",24.99,-3,1006,773,,24821.39,19842.83,39,4.2,"Yacoto",1,0,"N/A","Large Standard-Size",7.44,11.22,17.52,5.25,736.33,2031.27,"10/31/2024",3,7,2,25.8
"https://amazon.com/dp/B0D8WM773X","B0D8WM773X","Christmas Advent Calendar 2024, Countdown calendar before Christmas,24 collectible surprises,The ideal Christmas gift, suitable for boys, girls, and teenagers","Roself","FBA","Home & Kitchen",10964,"Home Décor Products",17.99,-21,2503,1094,,44181.98,16328.03,39,4.1,"HUIJUNQUANZHOU",1,0,"N/A","Large Standard-Size",2.52,7.24,10.31,1.08,94.79,261.5,"10/31/2024",5,6,3,64.18
"https://amazon.com/dp/B0DB2Q5196","B0DB2Q5196","Dream State™ Standard Size Silk Tape - Strong Hold Pain-Free Removal Tape, Silicone Gel Adhesive, Lifts Away Cleanly - No Irritation, Blister Tape - 30 Pack - Standard Size (1.5"" x 3"")","Dream State","FBA","Industrial & Scientific",2199,"Medical Tapes",17.99,16,897,770,-49,15762.02,13860.38,46,3.1,"Day Moon Designs",1,0,"N/A","Small Standard-Size",0.51,4.61,6.69,0.09,7.92,21.85,"09/30/2024",3,6,3,19.51
"https://amazon.com/dp/B0D8Y8LZ17","B0D8Y8LZ17","Handheld Vacuum Cordless Cleaner, Car Vacuum Portable Cordless, 12000PA Hand Held Vacuum Rechargeable, Powerful Dust Buster Mini Hand Held Vacuum Cleaner for Car, Home, Office, Pet Hair","Bellabuy","FBA","Home & Kitchen",81217,"Handheld Vacuums",32.99,-3,764,763,18,24320.05,24317.06,77,4.2,"JINZHIYN",1,0,"N/A","Large Standard-Size",2.91,6.93,8.46,1.3,85.9,236.95,"10/31/2024",5,8,0,14.14
"https://amazon.com/dp/B0D7ZHVSQZ","B0D7ZHVSQZ","Electric Makeup Brush Cleaner Machine, Automatic Spinning Make up Brush Cleaner with 1200 mAh Rechargeable Battery, Portable Cosmetic Brush Cleaner Dryer Tool for All Size Makeup Brush (Purple)","Niopfoin","FBA","Beauty & Personal Care",21586,"Brush Cleaners",24.99,-12,478,477,1615,11517.01,11512.28,25,3.3,"Niopfoin Handmade",1,0,"N/A","Large Standard-Size",3.98,4.13,6.38,0.77,52.8,145.65,"10/31/2024",3,7,1,19.11
"https://amazon.com/dp/B0D9MZ3LTR","B0D9MZ3LTR","Bladder Control Supplement for Women & Men with Pumpkin Seed Extract, Soy Germ Extract, Saw Palmetto & Cranberry 4-in-1 Active Bladder Support for Urinary Frequency, Leaks & Urgency - 60 Capsules","Happee","FBA","Health & Household",59434,"Saw Palmetto",19.95,-1,414,414,-27,8263.15,8263.15,41,4,"Happee Health",1,0,"N/A","Large Standard-Size",2.17,2.2,3.82,0.15,9.18,25.33,"08/31/2024",2,7,0,10.1
"https://amazon.com/dp/B0D7Q2DKSQ","B0D7Q2DKSQ","4 Pack Rodent Rat Repellent for Car Engines - Peppermint Oil Mouse Repellent, Rat Repellent Keeping Rodents Out of Car Home Garages Indoor Outdoor, Groundhog Repellent, Safe Ingredients","Crobirware","FBA","Patio, Lawn & Garden",12110,"Ultrasonic Repellers",17.99,-9,400,399,-57,8144.61,8140.44,46,3.9,"LifeLify INC",1,0,"N/A","Large Standard-Size",3.03,3.23,4.57,0.04,22.52,62.12,"09/30/2024",5,8,0,8.69
"https://amazon.com/dp/B0DDSJW2HJ","B0DDSJW2HJ","SIHPTO Anxiety Bookshelf Ornament, Shake Bookshelf Shake Away Your Anxiety, Home Decoration for Book Lovers, Miniature Book Library, Office Decor Mini Bookshelf","SIHPTO","FBA","Home & Kitchen",12295,"Decorative Boxes",34.99,-26,1330,460,,44893.13,16058.56,100,4.1,"piaomiaokeji",1,0,"N/A","Large Standard-Size",3.11,8.7,10.43,1.46,142.08,391.95,"10/31/2024",3,6,2,13.3
"https://amazon.com/dp/B0DBFHXK25","B0DBFHXK25","HAODINGMAI Sunrise Alarm Clock Wake Up Light with Sunrise Simulation White Noise Machine Touch Control Bedside Lamps Colors Atmosphere Lamp 30/60/90 Sleep Timer 13 Nature Sounds","HAODINGMAI","FBA","Home & Kitchen",139980,"Alarm Clocks",29.99,8,439,438,,13160.66,13156.14,46,4.2,"HDMSZ",1,0,"N/A","Large Standard-Size",1.73,6.69,10.04,1.26,58.5,161.39,"10/31/2024",4,7,0,9.97
"https://amazon.com/dp/B0DDGGFC9W","B0DDGGFC9W","ANNA'S Wild Yam Cream, ANNA‘S Wild Yam Cream Organic for Hormone Balance, Women's Organic Wild Yam Root Cream Promoting Perimenopause & Menopause Support for All Skin Types","ANNA'S","FBA","Beauty & Personal Care",37204,"Creams",15.99,-39,656,656,-39,10397.55,10397.55,50,3.8,"Manbokej-US",1,0,"N/A","Small Standard-Size",0.71,2.05,5.87,0.33,4.28,11.82,"08/31/2024",4,8,0,13.12
"https://amazon.com/dp/B0D3PRWFYV","B0D3PRWFYV","Juegoal 4 Pcs Fall Decorative Garden Stakes, 24 Inch Letter Fall Metal Yard Sign with Pumpkins, Outdoor Art Stake for Thanksgiving Decorations Fall Autumn Harvest Patio Lawn Walkway, Style A","Juegoal","FBA","Patio, Lawn & Garden",93798,"Decorative Garden Stakes",19.99,-25,463,444,92,9299.22,8855.3,20,4.1,"YoFit LLC",1,0,"N/A","Large Standard-Size",2.32,8.27,11.85,2.05,114.47,315.78,"08/31/2024","-",9,0,25.75
"https://amazon.com/dp/B0D2FF4TQZ","B0D2FF4TQZ","AROMAQUE Perfumes for Women Sets - Al Rehab Choco Musk Perfume 50ml Spray with 3 Scented Cards","AROMAQUE","FBA","Beauty & Personal Care",20157,"Women's",16.99,3,956,955,,15336.91,15327.93,24,4.1,"WeCare Products",1,0,"N/A","Large Standard-Size",1.5,6.5,9.25,0.51,45.41,125.26,"10/31/2024",6,5,0,39.82
"https://amazon.com/dp/B0D1FL8ZBX","B0D1FL8ZBX","THE PHIX Caffeine Eye Cream with Hyaluronic Acid, Vitamin E, Vitamin K - Vegan (For Dark Circles Under Eyes, Face Puffiness, Facial Wrinkles, and Fine Lines)","THE PHIX","FBA","Beauty & Personal Care",45635,"Creams",29.99,-16,315,314,69,10990.65,10988.96,33,3.9,"The [pH]ix",2,0,"N/A","Large Standard-Size",1.93,1.97,1.97,0.24,3.77,10.4,"05/31/2024",7,8,0,9.54
"https://amazon.com/dp/B0CX7SKSF5","B0CX7SKSF5","R10000-UNBXHF Universal Shower Valve Body Replacement Delta Faucet R10000 UNBXHF MultiChoice Bathtub and Shower Valve Body for Tub Faucet Trim Kits, Fits Single or Dual Function Delta Faucet Trim Kit","TOVEN-RV","FBA","Tools & Home Improvement",42396,"Bathtub & Shower Trim Systems",32.99,-4,580,428,,19231.31,14140.75,18,3.3,"TOVEN RV",2,0,"N/A","Large Standard-Size",4.21,4.25,5.28,1.23,47.56,131.21,"10/31/2024",9,9,3,32.22
"https://amazon.com/dp/B0CSHM78S8","B0CSHM78S8","Holstery SquareMaster Pro | Square Holder - Clip-On Rafter Square Holster for Tool Belt - Great for Carpenters, Framing, Woodworking - Spring Steel Belt Clip","Holstery","FBA","Tools & Home Improvement",48678,"Tool Holsters",32.99,-8,319,318,135,10509.3,10509.16,23,4.2,"Holstery",1,0,"N/A","Large Standard-Size",2.09,3.82,9.8,0.26,39.39,108.67,"06/30/2024",10,6,2,13.85
"https://amazon.com/dp/B0CMTMYL17","B0CMTMYL17","Viktor&Rolf - Good Fortune Eau de Parfum Intense - Floral & Ambery - Women's Perfume - With Notes of Vanilla & Sandalwood - 0.34 Fl Oz - Travel Size","Viktor&Rolf","FBA","Beauty & Personal Care",40477,"Eau de Parfum",35,-34,1098,626,,70068.07,13210.92,46,4.2,"Viktor&Rolf Fragrances",1,0,"N/A","Small Standard-Size",0.75,0.79,4.69,0.07,1.4,3.86,"10/31/2024",12,7,3,23.88
"https://amazon.com/dp/B0CQJDVGX4","B0CQJDVGX4","USEWIRE Torch Lighter Cigar, Multifunctional Lighter with V-Cigar Cutter, Cigar Holder, Cigar Punch and Cigar Draw Enhancer, Refillable Butane Torch Lighter, Multi-Purpose Cigar Accessory, Cigar Gifts","Usewire","FBA","Health & Household",59000,"Lighters",26.99,-12,352,351,-35,9496.85,9493.19,122,4.2,"USEWIRE",1,0,"N/A","Large Standard-Size",1.42,3.58,4.8,0.49,12.28,33.87,"07/31/2024",10,7,0,2.88
"https://amazon.com/dp/B0CXT7W7MY","B0CXT7W7MY","Samhe Bird Feeder for Outdoor Squirrel Proof Weatherproof All Metal Hanging Wild Bird Feeder with 9.8"" Roof, 3 LBs Seeds Capacity, Garden Yard Decoration","Samhe","FBA","Patio, Lawn & Garden",14396,"Feeders",27.99,-6,317,316,,8864.23,8860.91,93,4.2,"Samhe",1,0,"N/A","Large Standard-Size",7.28,9.96,10,1.63,365.06,1007.07,"05/31/2024","-",8,0,3.41
"https://amazon.com/dp/B0D326QM6P","B0D326QM6P","(2 Pack) Sweet Relief Glycogen Support, Sweet Relief Blood Support, Glycogen Sweet Relief, Sweet Relief, Sweet Relief Glycogen, Joint Sweet Relief, Sweet Relief Blood Glycogen Support, 60 Capsules","LIVORKA","FBM","Health & Household",17447,"Blended Vitamin & Mineral Supplements",27.95,-6,898,898,267,25110,25110,209,3.8,"SunriseSelections",2,0,"N/A","Large Standard-Size",2.13,4.49,5.28,0.2,"N/A","N/A","05/31/2024",7,7,0,4.3
"https://amazon.com/dp/B0CRH9Y3K7","B0CRH9Y3K7","Lille Home Bento Box Adult Lunch Box, Stainless Steel Compartment Tiffin Lunch Snack Box, 2-Tier Bento Food Container, 68 oz Stackable Lunch Box with Lunch Bag and Soup Bowl (Beige)","Lille Home","FBA","Kitchen & Dining",101951,"Bento Boxes",27.99,-31,626,603,,10549.89,9944.84,52,4,"Lille Home",1,0,"N/A","Large Standard-Size",6.3,7.01,9.29,2.38,206.5,569.66,"10/31/2024",11,15,2,12.04
"https://amazon.com/dp/B0CSYJQ1BZ","B0CSYJQ1BZ","Metal Dryer Duct Lint Trap, HG Power Indoor Dryer Vent Kit, Indoor Dryer Vent for Electric Dryer, Dryer Lint Catcher for Dryer, Inline Dryer Lint Trap Box, 4"" Dryer Vent Hose, 2 Hose Clamps","HG Power","FBA","Tools & Home Improvement",38512,"Vents",34.49,8,533,532,189,18287.31,18287.06,70,4.2,"HG POWER",1,0,"N/A","Large Standard-Size",6.54,6.81,10.2,3.17,228.52,630.41,"10/31/2024",10,8,0,7.61
"https://amazon.com/dp/B0CZCTB2QR","B0CZCTB2QR","Mouse Repellent for Home and Garden Protection to Mouse, Squirrels, Roaches, Ants, Spiders, Moths and Other Pests","Carmelie","FBA","Health & Household",44124,"Ultrasonic Repellers",25.99,-6,585,584,129,15191.7,15185.71,66,3.9,"DuduCreamDirect",1,0,"N/A","Large Standard-Size",4.29,5.67,6.14,0.82,75.19,207.43,"10/31/2024",8,7,0,9.91
"https://amazon.com/dp/B0D5JW3NZ4","B0D5JW3NZ4","Wahl Color Pro All in One Rechargeable Cordless Color Coded Beard Trimmer with Detail Eyebrow Trimmer and Rotary Nose Hair Trimmer for Men- Model 3025945","Wahl","Amazon","Beauty & Personal Care",49942,"Beard & Mustache Trimmers",30.74,-2,341,341,16,11908.45,11908.45,73,4,"Amazon",3,0,"N/A","Large Standard-Size",2.28,5.71,10.31,0.97,"N/A","N/A","09/30/2024",6,8,0,4.74
"https://amazon.com/dp/B0CZ7WCQ8S","B0CZ7WCQ8S","LuxStep Bath Pillow-Bathtub Pillow with Air Mesh Fabric & 6 Non-Slip Suction Cups, Bath Pillows for Tub Head, Neck and Back Support, Bath Accessories Spa Gifts, White","LuxStep","FBA","Beauty & Personal Care",12080,"Bath Pillows",18.99,5,1758,1149,,34408.51,22232.59,87,4.2,"LuxStep",1,0,"N/A","Large Standard-Size",3.82,4.69,14.65,0.68,131.93,363.94,"10/31/2024",6,7,3,20.21
"https://amazon.com/dp/B0CZ3GP76F","B0CZ3GP76F","HYCHIKA Detail Sander,140W Electric Sander, up to 13000OPM, 1.2A Palm Sander Tool with 12pcs Sandpapers, with Efficient Dust Collection System, Compact Hand Sander for Woodworking.","HYCHIKA BETTER TOOLS FOR BETTER LIFE","FBA","Tools & Home Improvement",49627,"Detail Sanders",25.99,-24,342,341,253,8423.63,8420.16,78,4.1,"ZOKINGTECH",1,0,"N/A","Large Standard-Size",5.28,5.79,8.15,2.47,125.28,345.59,"06/30/2024",8,7,0,4.62
"https://amazon.com/dp/B0BRQ7NXHD","B0BRQ7NXHD","ilvvan Dish Rack Over The Sink Dish Drying Rack (Expandable Height and Length) Snap-On Design 2 Tier Large Dish Rack Stainless Steel (23"" - 34"" L x 11"" W x 19"" - 21.5"" H)","ilvvan","FBA","Kitchen & Dining",25977,"Dish Racks",24.99,-9,576,576,23,14875.04,14875.04,28,4.2,"Ankez",1,0,"N/A","Large Standard-Size",4.29,11.77,13.74,5.03,349.3,963.58,"10/31/2024",23,7,0,20.57